-- phpMyAdmin SQL Dump
-- version 5.0.2
-- https://www.phpmyadmin.net/
--
-- Host: db
-- Generation Time: Apr 26, 2022 at 10:14 AM
-- Server version: 10.1.48-MariaDB-1~bionic
-- PHP Version: 7.4.9

SET SQL_MODE = "NO_AUTO_VALUE_ON_ZERO";
START TRANSACTION;
SET time_zone = "+00:00";


/*!40101 SET @OLD_CHARACTER_SET_CLIENT=@@CHARACTER_SET_CLIENT */;
/*!40101 SET @OLD_CHARACTER_SET_RESULTS=@@CHARACTER_SET_RESULTS */;
/*!40101 SET @OLD_COLLATION_CONNECTION=@@COLLATION_CONNECTION */;
/*!40101 SET NAMES utf8mb4 */;

--
-- Database: `wordpress`
--

-- --------------------------------------------------------

--
-- Table structure for table `wp_acym_color`
--

CREATE TABLE `wp_acym_color` (
  `id` int(11) NOT NULL,
  `name` varchar(255) DEFAULT NULL,
  `species_id` int(11) NOT NULL,
  `pregnancy_time` int(11) NOT NULL
) ENGINE=InnoDB DEFAULT CHARSET=utf8;

--
-- Dumping data for table `wp_acym_color`
--

INSERT INTO `wp_acym_color` (`id`, `name`, `species_id`, `pregnancy_time`) VALUES
(6, 'Amande', 1, 0),
(7, 'Amande et Dorée', 1, 0),
(8, 'Amande et Ebène', 1, 0),
(9, 'Amande et Emeraude', 1, 0),
(10, 'Amande et Indigo', 1, 0),
(11, 'Amande et Ivoire', 1, 0),
(12, 'Amande et Orchidée', 1, 0),
(13, 'Amande et Pourpre', 1, 0),
(14, 'Amande et Rousse', 1, 0),
(15, 'Amande et Turquoise', 1, 0),
(18, 'Dorée', 1, 0),
(19, 'Dorée et Ebène', 1, 0),
(20, 'Dorée et Emeraude', 1, 0),
(21, 'Dorée et Indigo', 1, 0),
(22, 'Dorée et Ivoire', 1, 0),
(23, 'Dorée et Orchidée', 1, 0),
(24, 'Dorée et Pourpre', 1, 0),
(25, 'Dorée et Rousse', 1, 0),
(26, 'Dorée et Turquoise', 1, 0),
(28, 'Ebène', 1, 0),
(29, 'Ebène et Emeraude', 1, 0),
(30, 'Ebène et Indigo', 1, 0),
(31, 'Ebène et Ivoire', 1, 0),
(32, 'Ebène et Orchidée', 1, 0),
(33, 'Ebène et Pourpre', 1, 0),
(34, 'Ebène et Rousse', 1, 0),
(35, 'Ebène et Turquoise', 1, 0),
(36, 'Emeraude', 1, 0),
(37, 'Emeraude et Indigo', 1, 0),
(38, 'Emeraude et Ivoire', 1, 0),
(39, 'Emeraude et Orchidée', 1, 0),
(40, 'Emeraude et Pourpre', 1, 0),
(41, 'Emeraude et Rousse', 1, 0),
(42, 'Emeraude et Turquoise', 1, 0),
(46, 'Indigo', 1, 0),
(47, 'Indigo et Ivoire', 1, 0),
(48, 'Indigo et Orchidée', 1, 0),
(49, 'Indigo et Pourpre', 1, 0),
(50, 'Indigo et Rousse', 1, 0),
(51, 'Indigo et Turquoise', 1, 0),
(52, 'Ivoire', 1, 0),
(53, 'Ivoire et Orchidée', 1, 0),
(54, 'Ivoire et Pourpre', 1, 0),
(55, 'Ivoire et Rousse', 1, 0),
(56, 'Ivoire et Turquoise', 1, 0),
(57, 'Orchidée', 1, 0),
(58, 'Orchidée et Pourpre', 1, 0),
(59, 'Orchidée et Rousse', 1, 0),
(60, 'Pourpre', 1, 0),
(61, 'Pourpre et Rousse', 1, 0),
(62, 'Prune', 1, 0),
(63, 'Prune et Amande', 1, 0),
(64, 'Prune et Dorée', 1, 0),
(65, 'Prune et Ebène', 1, 0),
(66, 'Prune et Emeraude', 1, 0),
(67, 'Prune et Indigo', 1, 0),
(68, 'Prune et Ivoire', 1, 0),
(69, 'Prune et Orchidée', 1, 0),
(70, 'Prune et Pourpre', 1, 0),
(71, 'Prune et Rousse', 1, 0),
(72, 'Prune et Turquoise', 1, 0),
(73, 'Rousse', 1, 0),
(75, 'Turquoise', 1, 0),
(76, 'Turquoise et Orchidée', 1, 0),
(77, 'Turquoise et Pourpre', 1, 0),
(78, 'Turquoise et Rousse', 1, 0),
(79, 'Amande', 2, 72),
(80, 'Amande et Emeraude', 2, 72),
(81, 'Amande et Ivoire', 2, 72),
(82, 'Doré', 2, 72),
(83, 'Doré et Amande', 2, 72),
(84, 'Doré et Ebène', 2, 72),
(85, 'Doré et Emeraude', 2, 72),
(86, 'Doré et Indigo', 2, 72),
(87, 'Doré et Ivoire', 2, 72),
(88, 'Doré et Orchidée', 2, 72),
(89, 'Doré et Pourpre', 2, 72),
(91, 'Ebène', 2, 72),
(92, 'Ebène et Amande', 2, 72),
(93, 'Ebène et Emeraude', 2, 72),
(94, 'Ebène et Indigo', 2, 72),
(95, 'Ebène et Ivoire', 2, 72),
(96, 'Ebène et Orchidée', 2, 72),
(97, 'Ebène et Pourpre', 2, 72),
(99, 'Emeraude', 2, 72),
(100, 'Indigo', 2, 72),
(101, 'Indigo et Amande', 2, 72),
(102, 'Indigo et Emeraude', 2, 72),
(103, 'Indigo et Ivoire', 2, 72),
(104, 'Indigo et Orchidée', 2, 72),
(106, 'Indigo et Pourpre', 2, 72),
(108, 'Ivoire', 2, 72),
(109, 'Ivoire et Emeraude', 2, 72),
(110, 'Orchidée', 2, 72),
(111, 'Orchidée et Amande', 2, 72),
(112, 'Orchidée et Emeraude', 2, 72),
(113, 'Orchidée et Ivoire', 2, 72),
(114, 'Orchidée et Pourpre', 2, 72),
(115, 'Orchidée Sauvage', 2, 72),
(116, 'Pourpre', 2, 72),
(117, 'Pourpre et Amande', 2, 72),
(118, 'Pourpre et Emeraude', 2, 72),
(119, 'Pourpre et Ivoire', 2, 72),
(121, 'Prune', 2, 72),
(122, 'Prune et Amande', 2, 72),
(123, 'Prune et Doré', 2, 72),
(124, 'Prune et Ebène', 2, 72),
(125, 'Prune et Emeraude', 2, 72),
(126, 'Prune et Indigo', 2, 72),
(127, 'Prune et Ivoire', 2, 72),
(128, 'Prune et Orchidée', 2, 72),
(129, 'Prune et Pourpre', 2, 72),
(130, 'Prune et Roux', 2, 72),
(131, 'Prune et Turquoise', 2, 72),
(132, 'Roux', 2, 72),
(133, 'Roux et Amande', 2, 72),
(134, 'Roux et Doré', 2, 72),
(135, 'Roux et Ebène', 2, 72),
(136, 'Roux et Emeraude', 2, 72),
(137, 'Roux et Indigo', 2, 72),
(138, 'Roux et Ivoire', 2, 72),
(139, 'Roux et Orchidée', 2, 72),
(140, 'Roux et Pourpre', 2, 72),
(141, 'Turquoise', 2, 72),
(142, 'Turquoise et Amande', 2, 72),
(143, 'Turquoise et Doré', 2, 72),
(144, 'Turquoise et Ebène', 2, 72),
(145, 'Turquoise et Emeraude', 2, 72),
(146, 'Turquoise et Indigo', 2, 72),
(148, 'Turquoise et Ivoire', 2, 72),
(149, 'Turquoise et Orchidée', 2, 72),
(150, 'Turquoise et Pourpre', 2, 72),
(151, 'Turquoise et Roux', 2, 72);

-- --------------------------------------------------------

--
-- Table structure for table `wp_acym_configuration`
--

CREATE TABLE `wp_acym_configuration` (
  `name` varchar(255) NOT NULL,
  `value` text NOT NULL
) ENGINE=InnoDB DEFAULT CHARSET=utf8;

--
-- Dumping data for table `wp_acym_configuration`
--

INSERT INTO `wp_acym_configuration` (`name`, `value`) VALUES
('active_cron', '0'),
('add_names', '1'),
('allowed_files', 'zip,doc,docx,pdf,xls,txt,gzip,rar,jpg,jpeg,gif,xlsx,pps,csv,bmp,ico,odg,odp,ods,odt,png,ppt,swf,xcf,mp3,wma'),
('allow_modif', 'data'),
('allow_visitor', '1'),
('anonymizeold', '0'),
('anonymous_tracking', '0'),
('bounceVersion', '1'),
('bounce_email', ''),
('charset', 'UTF-8'),
('confirmation_message', '1'),
('confirm_redirect', ''),
('cron_frequency', '900'),
('cron_fromip', ''),
('cron_fullreport', '1'),
('cron_last', '0'),
('cron_next', '1251990901'),
('cron_report', ''),
('cron_savepath', 'wp-content\\uploads\\acymailing\\logs\\report{year}_{month}.log'),
('cron_savereport', '2'),
('cron_sendreport', '2'),
('cron_sendto', ''),
('css_backend', ''),
('css_frontend', ''),
('daily_hour', '12'),
('daily_minute', '00'),
('delete_stats', '31104000'),
('display_built_by', '1'),
('downloadurl', ''),
('editor', 'codemirror'),
('embed_files', '1'),
('embed_images', '0'),
('encoding_format', '8bit'),
('Enterprise', '2'),
('Essential', '1'),
('export_excelsecurity', '1'),
('forward', '0'),
('from_as_replyto', '1'),
('from_email', ''),
('from_name', ''),
('gdpr_delete', '0'),
('gdpr_export', '0'),
('generate_name', '1'),
('hostname', ''),
('installcomplete', '1'),
('install_date', '1646496701'),
('language_field_id', '3'),
('lastupdatecheck', '0'),
('last_import', ''),
('last_news', 'PD94bWwgdmVyc2lvbj0iMS4wIiBlbmNvZGluZz0idXRmLTgiID8+Cjx4bWw+Cgk8bmV3cz4KCQk8bmFtZT5zdXJ2ZXlfMjAyMTwvbmFtZT4KCQk8cHVibGlzaGVkPjA8L3B1Ymxpc2hlZD4KCQk8bGFuZ3VhZ2U+ZGVmYXVsdDwvbGFuZ3VhZ2U+CgkJPGRhdGU+MjAyMC0xMC0xMDwvZGF0ZT4KCQk8ZXh0ZW5zaW9uPmFjeW1haWxpbmc8L2V4dGVuc2lvbj4KCQk8d2FpdD4wPC93YWl0PgoJCTx2ZXJzaW9uPjYuMS43Xz48L3ZlcnNpb24+CgkJPGNvbnRlbnQ+CgkJCTwhW0NEQVRBWwoJCQk8c3R5bGUgdHlwZT0idGV4dC9jc3MiPgoKCQkJCS5hY3l0ZXh0YmFubmVyewoJCQkJCWJhY2tncm91bmQtY29sb3I6ICMyMTk5ZTg7CgkJCQkJY29sb3I6IHdoaXRlICFpbXBvcnRhbnQ7CgkJCQkJdGV4dC1hbGlnbjogY2VudGVyOwoJCQkJCXBhZGRpbmc6IDEwcHggIWltcG9ydGFudDsKCQkJCQlmb250LXNpemU6IDE0cHg7CgkJCQl9CgoJCQkJLmFjeXRleHRiYW5uZXIgPiAqewoJCQkJCW1hcmdpbjogMCA1cHg7CgkJCQkJdmVydGljYWwtYWxpZ246IG1pZGRsZTsKCQkJCX0KCgkJCQkuYWN5dGV4dGJhbm5lciBhewoJCQkJCWNvbG9yOiB3aGl0ZTsKCQkJCQl0ZXh0LWRlY29yYXRpb246IG5vbmU7CgkJCQkJcG9zaXRpb246IHJlbGF0aXZlOwoJCQkJfQoKCQkJCS5hY3l0ZXh0YmFubmVyIGl7CgkJCQkJZm9udC1zaXplOiAxN3B4OwoJCQkJfQoKCQkJCS5hY3l0ZXh0YmFubmVyIGE6YWZ0ZXJ7CgkJCQkJY29udGVudDogJyc7CgkJCQkJd2lkdGg6IDEwMCU7CgkJCQkJcG9zaXRpb246IGFic29sdXRlOwoJCQkJCWxlZnQ6IDA7CgkJCQkJYm90dG9tOiAxcHg7CgkJCQkJYm9yZGVyLXdpZHRoOiAwIDAgMXB4OwoJCQkJCWJvcmRlci1zdHlsZTogc29saWQ7CgkJCQl9CgoJCQkJLmFjeXRleHRiYW5uZXIgLmFjeW5ld3sKCQkJCQliYWNrZ3JvdW5kLWNvbG9yOiAjZTMzNTM2OwoJCQkJCWRpc3BsYXk6IGlubGluZS1ibG9jazsKCQkJCQlmb250LXNpemU6IDEycHg7CgkJCQkJcGFkZGluZzogMnB4IDlweCAhaW1wb3J0YW50OwoJCQkJCWJvcmRlci1yYWRpdXM6IDEycHg7CgkJCQkJZm9udC13ZWlnaHQ6IDUwMDsKCQkJCX0KCgkJCQkuYWN5dGV4dGJhbm5lciAuYWN5dGV4dCwgLmFjeXRleHRiYW5uZXIgLmFjeW5ldywgLmFjeXRleHRiYW5uZXIgYSwgLmFjeXRleHRiYW5uZXIgLmFjeW1fX2RvX19ub3RfX3JlbWluZG1lewoJCQkJCWRpc3BsYXk6IGlubGluZS1ibG9jazsKCQkJCQljb2xvcjogd2hpdGUgIWltcG9ydGFudDsKCQkJCX0KCgkJCQkuYWN5dGV4dGJhbm5lciAuYWN5bV9fZG9fX25vdF9fcmVtaW5kbWUgewoJCQkJCWZvbnQtc2l6ZTogMTRweDsKCQkJCQl0ZXh0LWRlY29yYXRpb246IHVuZGVybGluZTsKCQkJCQltYXJnaW4tbGVmdDogNTBweDsKCQkJCQlkaXNwbGF5OiBpbmxpbmUtYmxvY2s7CgkJCQkJY3Vyc29yOiBwb2ludGVyOwoJCQkJCWZsb2F0OiByaWdodDsKCQkJCX0KCgoJCQk8L3N0eWxlPgoJCQk8ZGl2IGNsYXNzPSJhY3l0ZXh0YmFubmVyIj4KCQkJCTxkaXYgY2xhc3M9ImFjeW5ldyI+Q3VzdG9tZXIgU3VydmV5IDIwMjE8L2Rpdj4KCQkJCTxkaXYgY2xhc3M9ImFjeXRleHQiPjE1JSBPRkYgb24gdGhlIHNob3AgYnkgcmVwbHlpbmcgYSBmZXcgcXVlc3Rpb25zISA8L2Rpdj48YSBocmVmPSJodHRwczovL2RvY3MuZ29vZ2xlLmNvbS9mb3Jtcy9kL2UvMUZBSXBRTFNmY1lEY2lfMS1ldWxlR0tMS2Utb25uUEh3V3NPMm8wTTZqZEtaSjlrcWxKLWs2ZGcvdmlld2Zvcm0/dXNwPXNmX2xpbmsiIHRhcmdldD0iX2JsYW5rIj5HbyBmb3IgaXQhPC9hPgoJCQkJPHAgY2xhc3M9ImFjeW1fX2RvX19ub3RfX3JlbWluZG1lIiB0aXRsZT0ic3VydmV5XzIwMjEiPkRvIG5vdCByZW1pbmQgbWU8L2E+CgkJCTwvZGl2PgoJCV1dPgoJCTwvY29udGVudD4KCTwvbmV3cz4KPC94bWw+Cg=='),
('last_news_check', '1647082883'),
('level', 'Starter'),
('license_key', ''),
('list_limit_1', '1000'),
('mailer_method', 'phpmail'),
('migration', '1'),
('multilingual', '0'),
('multiple_part', '1'),
('notifications', '[{\"message\":\"This page doesn\'t exist\",\"date\":1647085252,\"read\":false,\"level\":\"warning\",\"id\":\"622c86c46556d\"}]'),
('notification_accept', ''),
('notification_created', ''),
('notification_refuse', ''),
('notification_unsuball', ''),
('numberThumbnail', '16'),
('priority_followup', '2'),
('priority_newsletter', '3'),
('queue_nbmail', '40'),
('queue_nbmail_auto', '70'),
('queue_pause', '120'),
('queue_try', '3'),
('queue_type', 'auto'),
('regacy', '1'),
('regacy_delete', '1'),
('regacy_forceconf', '0'),
('remindme', '[]'),
('replyto_email', ''),
('replyto_name', ''),
('require_confirmation', '1'),
('security_key', 'dJFPqlaU3JM4u5LOxluvRZdkqVYiEC'),
('sendmail_path', ''),
('smtp_auth', ''),
('smtp_host', ''),
('smtp_password', ''),
('smtp_port', ''),
('smtp_secured', ''),
('smtp_username', ''),
('social_icons', '{\"facebook\": \"http://localhost/site/wp-content/plugins/acymailing/media/images/logo/facebook.png\", \"twitter\": \"http://localhost/site/wp-content/plugins/acymailing/media/images/logo/twitter.png\", \"instagram\": \"http://localhost/site/wp-content/plugins/acymailing/media/images/logo/instagram.png\", \"linkedin\": \"http://localhost/site/wp-content/plugins/acymailing/media/images/logo/linkedin.png\", \"pinterest\": \"http://localhost/site/wp-content/plugins/acymailing/media/images/logo/pinterest.png\", \"vimeo\": \"http://localhost/site/wp-content/plugins/acymailing/media/images/logo/vimeo.png\", \"wordpress\": \"http://localhost/site/wp-content/plugins/acymailing/media/images/logo/wordpress.png\", \"youtube\": \"http://localhost/site/wp-content/plugins/acymailing/media/images/logo/youtube.png\"}'),
('Starter', '0'),
('subscription_message', '1'),
('templates_installed', '0'),
('trackingsystem', 'acymailing'),
('trackingsystemexternalwebsite', '1'),
('unsubscribe_page', '1'),
('unsub_message', '1'),
('unsub_reasons', 'a:2:{i:0;s:21:\"UNSUB_SURVEY_FREQUENT\";i:1;s:21:\"UNSUB_SURVEY_RELEVANT\";}'),
('unsub_redirect', ''),
('uploadfolder', 'wp-content\\uploads\\acymailing\\upload\\'),
('use_sef', '0'),
('version', '7.7.5'),
('walkthrough_params', '{\"step\":\"stepEmail\"}'),
('walk_through', '0'),
('welcome_message', '1'),
('word_wrapping', '150');

-- --------------------------------------------------------

--
-- Table structure for table `wp_acym_mount`
--

CREATE TABLE `wp_acym_mount` (
  `id` int(11) NOT NULL,
  `name` varchar(255) DEFAULT NULL,
  `color_id` int(11) NOT NULL,
  `mother_id` int(11) DEFAULT NULL,
  `father_id` int(11) DEFAULT NULL,
  `max_reproductions` int(11) NOT NULL,
  `reproductions_counter` int(11) NOT NULL DEFAULT '0',
  `last_partner_id` int(11) DEFAULT NULL,
  `gender` tinyint(1) NOT NULL,
  `last_mating` int(11) DEFAULT NULL,
  `purity_level` int(11) NOT NULL,
  `reproductive` tinyint(4) NOT NULL DEFAULT '0',
  `creation_date` int(11) DEFAULT NULL
) ENGINE=InnoDB DEFAULT CHARSET=utf8;

--
-- Dumping data for table `wp_acym_mount`
--

INSERT INTO `wp_acym_mount` (`id`, `name`, `color_id`, `mother_id`, `father_id`, `max_reproductions`, `reproductions_counter`, `last_partner_id`, `gender`, `last_mating`, `purity_level`, `reproductive`, `creation_date`) VALUES
(6, '1', 82, 0, NULL, 1, 1, 7, 0, NULL, 4, 0, NULL),
(7, '2', 82, 0, NULL, 1, 1, 6, 1, NULL, 4, 0, NULL),
(8, '3', 82, 0, 0, 1, 1, 0, 1, NULL, 4, 0, NULL),
(9, '4', 91, 0, 0, 1, 1, 0, 0, NULL, 4, 0, NULL),
(10, '5', 91, 0, NULL, 1, 1, 11, 0, NULL, 4, 0, NULL),
(11, '6', 91, 0, NULL, 1, 1, 10, 1, NULL, 4, 0, NULL),
(12, '7', 100, 0, NULL, 1, 1, 15, 0, NULL, 4, 0, NULL),
(13, '8', 100, 0, 0, 1, 1, 0, 1, NULL, 4, 0, NULL),
(14, '9', 100, 0, 0, 1, 1, 0, 1, NULL, 4, 0, NULL),
(15, '10', 100, 0, NULL, 1, 1, 12, 1, NULL, 4, 0, NULL),
(16, '11', 110, 0, 0, 1, 1, 0, 0, NULL, 4, 0, NULL),
(17, '12', 110, 0, 0, 1, 1, 0, 0, NULL, 4, 0, NULL),
(18, '13', 110, 0, 0, 1, 1, 0, 0, NULL, 4, 0, NULL),
(19, '14', 110, 0, NULL, 1, 1, 22, 0, NULL, 4, 0, NULL),
(20, '15', 110, 0, NULL, 1, 1, 21, 0, NULL, 4, 0, NULL),
(21, '21', 110, 0, NULL, 1, 1, 20, 1, NULL, 4, 0, NULL),
(22, '22', 110, 0, NULL, 1, 1, 19, 1, NULL, 4, 0, NULL),
(23, '23', 116, 0, 0, 1, 1, 0, 0, NULL, 4, 0, NULL),
(24, '24', 116, 0, 0, 1, 1, 0, 0, NULL, 4, 0, NULL),
(25, '25', 116, 0, NULL, 1, 1, 26, 0, NULL, 4, 0, NULL),
(26, '26', 116, 0, NULL, 1, 1, 25, 1, NULL, 4, 0, NULL),
(27, '27', 116, 26, 25, 4, 4, 662, 1, 1650839187, 4, 0, NULL),
(28, '28', 82, 7, 6, 4, 2, 102, 0, 1648145502, 4, 0, NULL),
(29, '29', 91, 11, 10, 4, 4, 631, 1, 1650574500, 4, 0, NULL),
(30, '30', 100, 15, 12, 4, 2, 283, 1, 1650575165, 4, 0, NULL),
(31, '31', 110, 21, 20, 4, 2, 184, 0, 1650839137, 4, 0, NULL),
(32, '32', 110, 21, 20, 4, 4, 33, 1, 1650839093, 4, 0, NULL),
(33, '33', 110, 22, 19, 4, 3, 32, 0, 1650839093, 4, 0, NULL),
(34, '34', 110, 22, 19, 4, 2, 556, 0, 1650574995, 4, 0, NULL),
(35, '35', 144, 0, 0, 2, 2, 70, 0, 1650572625, 1, 0, NULL),
(36, '36', 143, 0, 0, 3, 2, 37, 1, 1650572594, 1, 0, NULL),
(37, '37', 143, 0, 0, 2, 2, 36, 0, 1650572594, 1, 0, NULL),
(38, '38', 141, 0, 0, 2, 2, 223, 1, 1648670289, 3, 0, NULL),
(39, '39', 141, 0, 0, 2, 2, 147, 1, 1648933603, 3, 0, NULL),
(40, '40', 93, 0, 0, 3, 2, 551, 1, 1650572757, 1, 0, NULL),
(41, '41', 95, 0, 0, 3, 0, 0, 0, NULL, 1, 0, NULL),
(42, '42', 99, 0, 0, 2, 2, 0, 1, NULL, 1, 0, NULL),
(43, '43', 82, 0, 0, 3, 3, 299, 0, 1649194826, 3, 0, NULL),
(44, '44', 82, 0, 0, 3, 3, 357, 0, 1649457613, 3, 0, NULL),
(45, '45', 82, 0, 0, 3, 3, 420, 0, 1649742937, 4, 0, NULL),
(46, '46', 79, 0, 0, 3, 3, 193, 1, 1648669346, 2, 0, NULL),
(47, '47', 79, 0, 0, 3, 3, 193, 1, 1649194007, 2, 0, NULL),
(48, '48', 79, 0, 0, 3, 3, 197, 1, 1648932914, 2, 0, NULL),
(49, '49', 83, 0, 0, 1, 0, 0, 0, NULL, 1, 0, NULL),
(50, '50', 86, 0, 0, 1, 0, 0, 1, NULL, 1, 0, NULL),
(51, '51', 91, 0, 0, 3, 3, 106, 1, 1648668648, 1, 1, NULL),
(52, '52', 108, 0, 0, 3, 3, 117, 1, 1647817418, 1, 0, NULL),
(53, '53', 116, 0, 0, 2, 2, 179, 1, 1648669905, 2, 1, NULL),
(54, '54', 121, 0, 0, 4, 4, 541, 0, 1650299499, 2, 0, NULL),
(55, '55', 121, 0, 0, 3, 3, 62, 1, 1648145236, 2, 0, NULL),
(56, '56', 121, 0, 0, 2, 2, 0, 1, NULL, 1, 0, NULL),
(57, '57', 141, 0, 0, 3, 3, 61, 0, 1648670175, 2, 0, NULL),
(58, '58', 141, 0, 0, 3, 3, 59, 0, 1648670141, 2, 0, NULL),
(59, '59', 141, 0, 0, 3, 3, 143, 1, 1648933560, 2, 0, NULL),
(60, '60', 141, 0, 0, 3, 3, 149, 1, 1648670212, 2, 0, NULL),
(61, '61', 141, 0, 0, 3, 3, 57, 1, 1648670175, 2, 0, NULL),
(62, '62', 121, 0, 0, 2, 2, 55, 0, 1648145236, 2, 1, NULL),
(63, '63', 121, 0, 0, 3, 3, 121, 0, 1647817623, 1, 0, NULL),
(64, '64', 121, 0, 0, 3, 3, 122, 0, 1647817603, 1, 0, NULL),
(65, '65', 121, 0, 0, 2, 2, 0, 0, NULL, 1, 0, NULL),
(66, '66', 79, 0, 0, 3, 3, 96, 1, 1648126459, 1, 0, NULL),
(67, '67', 79, 0, 0, 3, 3, 96, 1, 1648668606, 1, 0, NULL),
(68, '68', 79, 0, 0, 3, 3, 94, 1, 1648668555, 1, 0, NULL),
(69, '69', 141, 0, 0, 3, 3, 223, 1, 1649195028, 3, 0, NULL),
(70, '70', 144, 0, 0, 2, 2, 35, 1, 1650572625, 1, 0, NULL),
(71, '71', 132, 0, 0, 3, 3, 237, 1, 1649194705, 2, 0, NULL),
(72, '72', 132, 0, 0, 3, 3, 240, 1, 1649194773, 2, 0, NULL),
(73, '73', 99, 0, 0, 4, 4, 111, 1, 1648932094, 1, 0, NULL),
(74, '74', 121, 0, 0, 3, 3, 236, 1, 1649456187, 1, 0, NULL),
(75, '75', 121, 0, 0, 2, 2, 0, 1, NULL, 1, 0, NULL),
(76, '76', 99, 0, 0, 4, 4, 92, 1, 1648932077, 1, 0, NULL),
(77, '77', 99, 0, 0, 4, 4, 91, 1, 1648932049, 1, 0, NULL),
(78, '78', 99, 0, 0, 4, 4, 90, 1, 1648932008, 1, 0, NULL),
(79, '79', 108, 0, 0, 4, 4, 83, 0, 1648932254, 1, 0, NULL),
(80, '80', 108, 0, 0, 4, 4, 82, 0, 1648932289, 1, 0, NULL),
(81, '81', 108, 0, 0, 4, 4, 117, 1, 1648932311, 1, 0, NULL),
(82, '82', 108, 0, 0, 4, 4, 80, 1, 1648932289, 1, 0, NULL),
(83, '83', 108, 0, 0, 4, 4, 79, 1, 1648932254, 1, 0, NULL),
(84, '84', 132, 0, 0, 4, 4, 88, 0, 1648932518, 1, 0, NULL),
(85, '85', 132, 0, 0, 4, 4, 89, 0, 1648669222, 1, 0, NULL),
(86, '86', 132, 0, 0, 4, 4, 89, 0, 1648932596, 1, 0, NULL),
(87, '87', 132, 0, 0, 4, 4, 120, 1, 1648932544, 1, 0, NULL),
(88, '88', 132, 0, 0, 4, 4, 84, 1, 1648932518, 1, 0, NULL),
(89, '89', 132, 0, 0, 4, 4, 86, 1, 1648932596, 1, 0, NULL),
(90, '90', 99, 0, 0, 4, 4, 78, 0, 1648932008, 1, 0, NULL),
(91, '91', 99, 0, 0, 4, 4, 77, 0, 1648932049, 1, 0, NULL),
(92, '92', 99, 0, 0, 4, 4, 76, 0, 1648932077, 1, 0, NULL),
(93, '93', 79, 0, 0, 4, 4, 68, 0, 1648126443, 1, 0, NULL),
(94, '94', 79, 0, 0, 4, 4, 68, 0, 1648668555, 1, 0, NULL),
(95, '95', 79, 0, 0, 4, 4, 98, 0, 1648931876, 1, 0, NULL),
(96, '96', 79, 0, 0, 4, 4, 67, 0, 1648668606, 1, 0, NULL),
(97, '97', 79, 0, 0, 4, 4, 98, 0, 1648126417, 1, 0, NULL),
(98, '98', 79, 0, 0, 4, 4, 95, 1, 1648931876, 1, 0, NULL),
(99, '99', 141, 0, 0, 4, 4, 61, 0, 1647818746, 1, 0, NULL),
(100, '100', 141, 0, 0, 4, 4, 38, 0, 1647818778, 1, 0, NULL),
(101, '101', 82, 0, 0, 4, 4, 43, 1, 1648145477, 1, 0, NULL),
(102, '102', 82, 0, 0, 4, 4, 28, 1, 1648145502, 1, 0, NULL),
(103, '103', 82, 0, 0, 4, 4, 45, 1, 1648145522, 1, 0, NULL),
(104, '104', 82, 0, 0, 4, 4, 44, 1, 1648145422, 1, 0, NULL),
(105, '105', 91, 0, 0, 4, 4, 110, 0, 1648668670, 1, 0, NULL),
(106, '106', 91, 0, 0, 4, 4, 109, 0, 1648931950, 1, 0, NULL),
(107, '107', 91, 0, 0, 4, 4, 109, 0, 1648126491, 1, 0, NULL),
(108, '108', 91, 0, 0, 4, 4, 110, 0, 1648931927, 1, 0, NULL),
(109, '109', 91, 0, 0, 4, 4, 106, 1, 1648931950, 1, 0, NULL),
(110, '110', 91, 0, 0, 4, 4, 108, 1, 1648931927, 1, 0, NULL),
(111, '111', 99, 0, 0, 4, 4, 73, 0, 1648932094, 1, 0, NULL),
(112, '112', 100, 0, 0, 4, 4, 115, 0, 1648932189, 1, 0, NULL),
(113, '113', 100, 0, 0, 4, 4, 134, 0, 1648932168, 1, 0, NULL),
(114, '114', 100, 0, 0, 4, 4, 116, 0, 1648932133, 1, 0, NULL),
(115, '115', 100, 0, 0, 4, 4, 112, 1, 1648932189, 1, 0, NULL),
(116, '116', 100, 0, 0, 4, 4, 114, 1, 1648932133, 1, 0, NULL),
(117, '117', 108, 0, 0, 4, 4, 81, 0, 1648932311, 1, 0, NULL),
(118, '118', 108, 0, 0, 4, 4, 83, 0, 1648668923, 1, 0, NULL),
(119, '119', 110, 0, 0, 4, 4, 132, 0, 1649193667, 1, 0, NULL),
(120, '120', 132, 0, 0, 4, 4, 87, 0, 1648932544, 1, 0, NULL),
(121, '121', 121, 0, 0, 4, 4, 398, 1, 1649456162, 1, 0, NULL),
(122, '122', 121, 0, 0, 4, 4, 322, 1, 1649456139, 1, 0, NULL),
(123, '123', 116, 0, 0, 4, 4, 128, 0, 1648932412, 1, 0, NULL),
(124, '124', 116, 0, 0, 4, 4, 127, 0, 1648932395, 1, 0, NULL),
(125, '125', 116, 0, 0, 4, 4, 128, 0, 1648126743, 1, 0, NULL),
(126, '126', 116, 0, 0, 4, 4, 127, 0, 1648669083, 1, 0, NULL),
(127, '127', 116, 0, 0, 4, 4, 124, 1, 1648932395, 1, 0, NULL),
(128, '128', 116, 0, 0, 4, 4, 123, 1, 1648932412, 1, 0, NULL),
(129, '129', 100, 0, 0, 4, 4, 116, 0, 1648126620, 1, 0, NULL),
(130, '130', 141, 0, 0, 4, 4, 0, 0, NULL, 1, 0, NULL),
(131, '131', 141, 0, 0, 4, 4, 0, 0, NULL, 1, 0, NULL),
(132, '132', 110, 0, 0, 4, 4, 319, 1, 1649455995, 1, 0, NULL),
(133, '133', 110, 0, 0, 4, 4, 319, 1, 1650015441, 1, 0, NULL),
(134, '134', 100, 0, 0, 4, 4, 113, 1, 1648932168, 1, 0, NULL),
(135, '135', 110, 0, 0, 4, 4, 319, 1, 1649741770, 1, 0, NULL),
(136, '136', 144, 70, 35, 3, 0, 0, 1, NULL, 2, 0, 1648082634),
(137, '137', 91, 110, 107, 4, 4, 295, 0, 1649742104, 2, 0, 1648082634),
(138, '138', 79, 98, 94, 3, 3, 196, 1, 1649194029, 2, 0, 1648082634),
(139, '139', 79, 98, 94, 3, 3, 194, 1, 1649456726, 2, 0, 1648082634),
(140, '140', 79, 68, 96, 4, 4, 323, 1, 1649456770, 2, 0, 1648082634),
(141, '141', 143, 36, 37, 2, 0, 0, 1, NULL, 2, 0, 1648082634),
(142, '142', 112, 0, 0, 4, 4, 568, 0, 1650572090, 1, 0, 1648082634),
(143, '143', 141, 61, 99, 4, 4, 59, 0, 1648933560, 2, 0, 1648082634),
(144, '144', 141, 61, 99, 4, 4, 149, 1, 1648933540, 2, 0, 1648082634),
(145, '145', 141, 60, 58, 2, 2, 391, 1, 1649457829, 3, 0, 1648082634),
(146, '146', 141, 60, 58, 2, 2, 286, 1, 1649457792, 3, 0, 1648082634),
(147, '147', 141, 59, 57, 2, 2, 39, 0, 1648933603, 3, 0, 1648082634),
(148, '148', 141, 38, 100, 4, 4, 144, 0, 1648670232, 2, 0, 1648082634),
(149, '149', 141, 38, 100, 4, 4, 144, 0, 1648933540, 2, 0, 1648082634),
(150, '150', 130, 89, 120, 4, 4, 349, 1, 1649741943, 1, 0, 1648082634),
(151, '151', 130, 89, 120, 4, 3, 349, 1, 1650294534, 1, 0, 1648082634),
(152, '152', 96, 88, 86, 4, 1, 520, 0, 1650015170, 1, 0, 1648082634),
(153, '153', 132, 87, 85, 4, 4, 347, 1, 1649457462, 2, 0, 1648082634),
(154, '154', 132, 72, 84, 4, 4, 239, 0, 1649457269, 2, 0, 1648082634),
(155, '155', 132, 72, 84, 4, 4, 237, 1, 1649457323, 2, 0, 1648082634),
(156, '156', 121, 74, 62, 2, 2, 487, 0, 1650016150, 2, 0, 1648082634),
(157, '157', 87, 55, 54, 4, 3, 251, 1, 1650572729, 1, 0, 1648082634),
(158, '158', 101, 55, 54, 4, 0, 0, 0, NULL, 1, 0, 1648082634),
(159, '159', 102, 121, 63, 4, 0, 0, 0, NULL, 1, 0, 1648082634),
(160, '160', 137, 121, 63, 4, 4, 332, 0, 1649741997, 1, 0, 1648082634),
(161, '161', 151, 78, 111, 4, 4, 282, 1, 1650015941, 1, 0, 1648082634),
(162, '162', 100, 30, 112, 4, 4, 208, 0, 1649457012, 2, 0, 1648082634),
(163, '163', 100, 30, 112, 4, 4, 164, 1, 1649457030, 2, 0, 1648082634),
(164, '164', 100, 116, 113, 3, 3, 163, 0, 1649457030, 2, 0, 1648082634),
(165, '165', 149, 116, 113, 3, 2, 538, 1, 1650572698, 1, 0, 1648082634),
(166, '166', 106, 81, 79, 4, 0, 0, 1, NULL, 1, 0, 1648082634),
(167, '167', 113, 81, 79, 4, 0, 0, 0, NULL, 1, 0, 1648082634),
(168, '168', 91, 51, 105, 4, 4, 333, 0, 1650297427, 2, 0, 1648082634),
(169, '169', 91, 51, 105, 4, 4, 333, 0, 1650016028, 2, 0, 1648082634),
(170, '170', 108, 83, 80, 4, 4, 584, 0, 1650302110, 2, 0, 1648082634),
(171, '171', 108, 83, 80, 4, 4, 209, 1, 1649457091, 2, 0, 1648082634),
(172, '172', 108, 82, 118, 4, 4, 510, 0, 1650302057, 2, 0, 1648082634),
(173, '173', 108, 82, 118, 4, 4, 509, 0, 1650302007, 2, 0, 1648082634),
(174, '174', 112, 52, 117, 4, 2, 328, 0, 1650294486, 1, 0, 1648082634),
(175, '175', 117, 52, 117, 4, 1, 383, 1, 1649456081, 1, 0, 1648082634),
(176, '176', 91, 29, 108, 4, 4, 0, 0, NULL, 2, 0, 1648082634),
(177, '177', 99, 76, 91, 3, 3, 272, 0, 1649194344, 2, 0, 1648082634),
(178, '178', 99, 73, 92, 4, 4, 274, 0, 1649456958, 2, 0, 1648082634),
(179, '179', 116, 127, 125, 3, 3, 53, 0, 1648669905, 2, 0, 1648082634),
(180, '180', 116, 128, 126, 4, 4, 0, 0, NULL, 2, 0, 1648082634),
(181, '181', 137, 53, 124, 4, 2, 160, 1, 1648932640, 1, 1, 1648082634),
(182, '182', 150, 27, 123, 4, 4, 448, 1, 1650015907, 1, 0, 1648082634),
(183, '183', 110, 32, 34, 4, 2, 632, 0, 1650574959, 4, 1, 1648082634),
(184, '184', 110, 32, 34, 4, 2, 31, 1, 1650839137, 4, 0, 1648082634),
(185, '185', 82, 104, 28, 4, 4, 229, 0, 1649194090, 2, 0, 1648082634),
(186, '186', 82, 104, 28, 4, 4, 188, 0, 1649194206, 2, 0, 1648082634),
(187, '187', 82, 103, 45, 4, 4, 230, 1, 1649194229, 2, 0, 1648082634),
(188, '188', 82, 103, 45, 4, 4, 186, 1, 1649194206, 2, 0, 1648082634),
(189, '189', 82, 102, 44, 4, 4, 225, 1, 1649194157, 2, 0, 1648082634),
(190, '190', 82, 102, 44, 4, 4, 224, 1, 1648933178, 2, 0, 1648082634),
(191, '191', 82, 101, 43, 4, 4, 228, 1, 1649194121, 2, 0, 1648082634),
(192, '192', 79, 48, 97, 3, 3, 139, 0, 1649193955, 2, 0, 1648082634),
(193, '193', 79, 48, 97, 3, 3, 47, 0, 1649194007, 2, 0, 1648082634),
(194, '194', 79, 66, 96, 4, 4, 139, 0, 1649456726, 2, 0, 1648386224),
(195, '195', 130, 66, 96, 4, 4, 488, 0, 1650015700, 1, 0, 1648386254),
(196, '196', 79, 67, 95, 4, 4, 198, 0, 1649456749, 2, 0, 1648386362),
(197, '197', 79, 68, 93, 4, 4, 48, 0, 1648932914, 2, 0, 1648386426),
(198, '198', 79, 98, 97, 4, 4, 196, 1, 1649456749, 2, 0, 1648386466),
(199, '199', 99, 73, 90, 4, 4, 329, 0, 1649456916, 2, 0, 1648386558),
(200, '200', 99, 73, 90, 4, 4, 203, 1, 1648933289, 2, 0, 1648386571),
(201, '201', 145, 76, 92, 4, 0, 0, 1, NULL, 1, 0, 1648386601),
(202, '202', 99, 77, 111, 4, 4, 203, 1, 1649456886, 2, 0, 1648386639),
(203, '203', 99, 78, 91, 4, 4, 202, 0, 1649456886, 2, 0, 1648386664),
(204, '204', 100, 115, 113, 3, 3, 208, 0, 1649194453, 2, 0, 1648386695),
(205, '205', 112, 115, 113, 3, 3, 252, 1, 1649193739, 1, 0, 1648386712),
(206, '206', 100, 116, 129, 3, 3, 208, 0, 1648933369, 2, 0, 1648386740),
(207, '207', 100, 116, 129, 3, 3, 269, 1, 1649194548, 2, 0, 1648386754),
(208, '208', 100, 134, 114, 4, 4, 162, 1, 1649457012, 2, 0, 1648386781),
(209, '209', 108, 81, 118, 4, 4, 589, 0, 1650301954, 2, 0, 1648386807),
(210, '210', 108, 81, 118, 4, 4, 438, 0, 1650301716, 2, 0, 1648386818),
(211, '211', 134, 82, 79, 4, 0, 0, 1, NULL, 1, 0, 1648386893),
(212, '212', 134, 82, 79, 4, 0, 0, 1, NULL, 1, 0, 1648386900),
(213, '213', 108, 83, 117, 3, 3, 544, 0, 1650301642, 2, 0, 1648386973),
(214, '214', 110, 135, 119, 3, 3, 0, 0, NULL, 2, 0, 1648386994),
(215, '215', 110, 135, 119, 3, 3, 636, 1, 1650571749, 2, 0, 1648387010),
(216, '216', 116, 127, 123, 4, 4, 221, 0, 1648933460, 2, 0, 1648387042),
(217, '217', 138, 89, 84, 4, 2, 433, 1, 1650572512, 1, 0, 1648387075),
(218, '218', 132, 88, 85, 3, 3, 155, 0, 1649194726, 2, 0, 1648387112),
(219, '219', 140, 87, 120, 4, 1, 493, 0, 1650015850, 1, 0, 1648387147),
(220, '220', 116, 128, 125, 4, 4, 250, 0, 1650299291, 2, 0, 1648387173),
(221, '221', 116, 128, 125, 4, 4, 342, 1, 1649742239, 2, 0, 1648387185),
(222, '222', 141, 61, 58, 3, 3, 235, 0, 1649194910, 3, 1, 1648405320),
(223, '223', 141, 61, 58, 3, 3, 69, 0, 1649195028, 3, 0, 1648405332),
(224, '224', 82, 101, 43, 4, 4, 227, 0, 1649194180, 2, 0, 1648405372),
(225, '225', 82, 101, 43, 4, 4, 189, 0, 1649194157, 2, 0, 1648405383),
(226, '226', 82, 102, 28, 4, 4, 191, 0, 1648933237, 2, 0, 1648405406),
(227, '227', 82, 102, 28, 4, 4, 224, 1, 1649194180, 2, 0, 1648405418),
(228, '228', 82, 103, 45, 4, 4, 191, 0, 1649194121, 2, 0, 1648405446),
(229, '229', 82, 103, 45, 4, 4, 185, 1, 1649194090, 2, 0, 1648405459),
(230, '230', 82, 104, 44, 4, 4, 187, 0, 1649194229, 2, 0, 1648405488),
(231, '231', 104, 104, 44, 4, 1, 408, 0, 1650571207, 1, 0, 1648405507),
(232, '232', 110, 32, 33, 4, 2, 558, 0, 1650574913, 4, 0, 1648405547),
(233, '233', 110, 32, 33, 4, 2, 611, 0, 1650574664, 4, 0, 1648405559),
(234, '234', 121, 55, 62, 4, 4, 637, 0, 1650572340, 3, 1, 1648405599),
(235, '235', 141, 60, 57, 2, 2, 222, 1, 1649194910, 3, 0, 1648405638),
(236, '236', 121, 0, 0, 4, 4, 74, 0, 1649456187, 1, 0, 1648418562),
(237, '237', 132, 89, 85, 3, 3, 155, 0, 1649457323, 2, 0, 1648928611),
(238, '238', 132, 89, 85, 3, 3, 240, 1, 1649457338, 2, 0, 1648928634),
(239, '239', 132, 88, 120, 3, 3, 154, 1, 1649457269, 2, 0, 1648928684),
(240, '240', 132, 87, 84, 3, 3, 238, 0, 1649457338, 2, 0, 1648928752),
(241, '241', 130, 151, 195, 4, 0, 0, 1, NULL, 2, 0, 1648928793),
(242, '242', 112, 205, 174, 4, 2, 496, 1, 1650572106, 2, 0, 1648928839),
(243, '243', 117, 205, 174, 4, 2, 383, 1, 1650015540, 1, 0, 1648928875),
(244, '244', 110, 133, 119, 3, 3, 593, 1, 1650571769, 2, 0, 1648928918),
(245, '245', 112, 133, 119, 3, 1, 328, 0, 1649456041, 1, 0, 1648928935),
(246, '246', 108, 82, 117, 3, 3, 209, 1, 1649742203, 2, 0, 1648928974),
(247, '247', 119, 81, 79, 4, 0, 0, 0, NULL, 1, 0, 1648929027),
(248, '248', 108, 83, 118, 3, 3, 546, 0, 1650301591, 2, 0, 1648929061),
(249, '249', 108, 83, 118, 3, 3, 338, 1, 1650298806, 2, 0, 1648929076),
(250, '250', 116, 127, 126, 4, 4, 220, 1, 1650299291, 2, 0, 1648929100),
(251, '251', 87, 121, 236, 4, 3, 157, 0, 1650572729, 1, 0, 1648929133),
(252, '252', 112, 121, 236, 4, 2, 328, 0, 1650015498, 1, 0, 1648929147),
(253, '253', 116, 53, 179, 4, 4, 492, 0, 1650572265, 3, 0, 1648929206),
(254, '254', 116, 53, 179, 4, 4, 446, 0, 1650572252, 3, 1, 1648929223),
(255, '255', 116, 53, 179, 4, 4, 594, 1, 1650572277, 3, 0, 1648929237),
(256, '256', 116, 128, 124, 3, 3, 250, 0, 1649194641, 2, 0, 1648929296),
(257, '257', 108, 171, 173, 3, 3, 497, 1, 1650571370, 3, 0, 1648929335),
(258, '258', 134, 171, 173, 3, 0, 0, 0, NULL, 1, 0, 1648929366),
(259, '259', 132, 72, 218, 3, 3, 473, 0, 1650299772, 3, 0, 1648929409),
(260, '260', 140, 72, 218, 3, 2, 493, 0, 1650572553, 1, 0, 1648929424),
(261, '261', 132, 71, 154, 3, 3, 474, 1, 1650299748, 3, 0, 1648929457),
(262, '262', 100, 208, 164, 4, 4, 430, 0, 1650298698, 3, 0, 1648929489),
(263, '263', 100, 208, 164, 4, 4, 389, 1, 1650298744, 3, 0, 1648929501),
(264, '264', 100, 207, 204, 3, 3, 465, 1, 1650302789, 3, 0, 1648929528),
(265, '265', 100, 207, 204, 3, 3, 466, 1, 1650302733, 3, 0, 1648929539),
(266, '266', 100, 163, 206, 4, 4, 434, 0, 1650298761, 3, 0, 1648929570),
(267, '267', 100, 134, 112, 4, 4, 0, 0, NULL, 2, 0, 1648929592),
(268, '268', 100, 115, 114, 4, 4, 163, 0, 1649194523, 2, 0, 1648929614),
(269, '269', 100, 115, 114, 4, 4, 207, 0, 1649194548, 2, 0, 1648929624),
(270, '270', 100, 116, 113, 3, 3, 0, 0, NULL, 2, 0, 1648929646),
(271, '271', 100, 116, 113, 3, 3, 337, 1, 1649457054, 2, 0, 1648929660),
(272, '272', 99, 78, 92, 3, 3, 326, 1, 1649456976, 2, 0, 1648929696),
(273, '273', 99, 77, 111, 4, 4, 276, 1, 1649456939, 2, 0, 1648929739),
(274, '274', 99, 76, 90, 4, 4, 178, 1, 1649456958, 2, 0, 1648929770),
(275, '275', 125, 76, 90, 4, 0, 0, 0, NULL, 1, 0, 1648929789),
(276, '276', 99, 73, 91, 3, 3, 273, 0, 1649456939, 2, 0, 1648929823),
(277, '277', 151, 73, 91, 3, 2, 161, 0, 1649456348, 1, 0, 1648929843),
(278, '278', 99, 202, 199, 3, 3, 518, 0, 1650298617, 3, 0, 1648929868),
(279, '279', 99, 202, 199, 3, 3, 429, 1, 1650298381, 3, 0, 1648929880),
(280, '280', 99, 200, 177, 3, 3, 341, 1, 1650303301, 3, 0, 1648929909),
(281, '281', 91, 51, 106, 4, 4, 333, 0, 1649742159, 2, 0, 1648929950),
(282, '282', 151, 51, 106, 4, 2, 161, 0, 1650015941, 1, 0, 1648929968),
(283, '283', 141, 39, 222, 2, 2, 30, 0, 1650575165, 4, 0, 1648930006),
(284, '284', 150, 39, 222, 2, 2, 182, 0, 1649456324, 1, 0, 1648930022),
(285, '285', 141, 60, 149, 3, 3, 392, 0, 1649457861, 3, 1, 1648930067),
(286, '286', 141, 61, 57, 2, 2, 146, 0, 1649457792, 3, 0, 1648930127),
(287, '287', 141, 61, 57, 2, 2, 285, 1, 1649195049, 3, 0, 1648930143),
(288, '288', 141, 69, 147, 2, 1, 283, 1, 1649195109, 4, 0, 1648930173),
(289, '289', 141, 69, 147, 2, 2, 290, 1, 1650016611, 4, 0, 1648930184),
(290, '290', 141, 38, 223, 2, 2, 289, 0, 1650016611, 4, 0, 1648930210),
(291, '291', 141, 38, 223, 2, 0, 0, 1, NULL, 4, 0, 1648930221),
(292, '292', 141, 144, 148, 3, 3, 0, 1, NULL, 3, 0, 1648930244),
(293, '293', 141, 144, 148, 3, 3, 0, 1, NULL, 3, 0, 1648930254),
(294, '294', 91, 110, 105, 4, 4, 295, 0, 1650016008, 2, 0, 1648930279),
(295, '295', 91, 109, 108, 4, 4, 294, 1, 1650016008, 2, 0, 1648930376),
(296, '296', 133, 109, 108, 4, 2, 324, 0, 1649741970, 1, 0, 1648930393),
(297, '297', 82, 229, 225, 3, 3, 359, 0, 1649457646, 3, 0, 1648930421),
(298, '298', 82, 229, 225, 3, 3, 300, 0, 1649194867, 3, 0, 1648930432),
(299, '299', 82, 227, 230, 4, 4, 354, 1, 1649457663, 3, 0, 1648930458),
(300, '300', 82, 227, 230, 4, 4, 355, 1, 1649457580, 3, 0, 1648930468),
(301, '301', 82, 191, 186, 4, 4, 0, 0, NULL, 3, 0, 1648930492),
(302, '302', 82, 191, 186, 4, 4, 0, 0, NULL, 3, 0, 1648930501),
(303, '303', 82, 190, 228, 3, 3, 0, 0, NULL, 3, 0, 1648930521),
(304, '304', 82, 190, 228, 3, 3, 0, 0, NULL, 3, 0, 1648930532),
(305, '305', 82, 189, 224, 3, 3, 0, 0, NULL, 3, 0, 1648930556),
(306, '306', 82, 189, 224, 3, 3, 310, 1, 1649457547, 3, 0, 1648930569),
(307, '307', 82, 188, 226, 4, 4, 0, 0, NULL, 3, 0, 1648930591),
(308, '308', 82, 188, 226, 4, 4, 0, 0, NULL, 3, 0, 1648930600),
(309, '309', 82, 187, 185, 4, 4, 360, 0, 1649457677, 3, 0, 1648930753),
(310, '310', 82, 187, 185, 4, 4, 306, 0, 1649457547, 3, 0, 1648930755),
(311, '311', 84, 98, 95, 4, 0, 0, 0, NULL, 1, 0, 1648930791),
(312, '312', 89, 98, 95, 4, 0, 0, 1, NULL, 1, 0, 1648930804),
(313, '313', 79, 68, 94, 4, 4, 0, 0, NULL, 2, 0, 1648930856),
(314, '314', 79, 48, 196, 3, 3, 405, 0, 1650016300, 3, 0, 1648930890),
(315, '315', 111, 48, 196, 3, 0, 0, 0, NULL, 1, 0, 1648930911),
(316, '316', 79, 46, 193, 3, 3, 550, 0, 1650016258, 3, 0, 1648930942),
(317, '317', 79, 198, 197, 3, 3, 0, 0, NULL, 3, 0, 1648930982),
(318, '318', 79, 138, 192, 3, 3, 0, 0, NULL, 3, 0, 1648931006),
(319, '319', 110, 0, 0, 4, 4, 133, 0, 1650015441, 1, 0, 1648939823),
(320, '320', 110, 0, 0, 4, 4, 133, 0, 1649741794, 1, 0, 1648939829),
(321, '321', 121, 0, 0, 4, 4, 471, 0, 1650015579, 1, 0, 1648940447),
(322, '322', 121, 0, 0, 4, 4, 522, 0, 1650015610, 1, 0, 1648940450),
(323, '323', 79, 98, 95, 4, 4, 140, 0, 1649456770, 2, 0, 1649191916),
(324, '324', 133, 98, 95, 4, 4, 452, 1, 1650294553, 1, 0, 1649191932),
(325, '325', 91, 109, 106, 3, 3, 168, 1, 1650015982, 2, 0, 1649191972),
(326, '326', 99, 73, 111, 3, 3, 272, 0, 1649456976, 2, 0, 1649191996),
(327, '327', 96, 73, 111, 3, 2, 520, 0, 1650571159, 1, 0, 1649192011),
(328, '328', 112, 76, 92, 4, 4, 174, 1, 1650294486, 1, 0, 1649192045),
(329, '329', 99, 77, 91, 4, 4, 199, 1, 1649456916, 2, 0, 1649192068),
(330, '330', 99, 77, 91, 4, 4, 0, 1, NULL, 2, 0, 1649192076),
(331, '331', 125, 78, 90, 4, 0, 0, 0, NULL, 1, 0, 1649192104),
(332, '332', 137, 78, 90, 4, 3, 612, 1, 1650572464, 1, 1, 1649192130),
(333, '333', 91, 110, 108, 4, 4, 168, 1, 1650297427, 2, 0, 1649192155),
(334, '334', 100, 116, 114, 4, 4, 0, 0, NULL, 2, 0, 1649192183),
(335, '335', 100, 116, 114, 4, 4, 0, 0, NULL, 2, 0, 1649192186),
(336, '336', 100, 115, 112, 4, 4, 0, 0, NULL, 2, 0, 1649192210),
(337, '337', 100, 115, 112, 4, 4, 271, 0, 1649457054, 2, 0, 1649192212),
(338, '338', 108, 81, 117, 4, 4, 249, 0, 1650298806, 2, 0, 1649192241),
(339, '339', 94, 82, 80, 3, 0, 0, 1, NULL, 1, 0, 1649192269),
(340, '340', 127, 83, 79, 4, 0, 0, 1, NULL, 1, 0, 1649192300),
(341, '341', 116, 127, 124, 4, 4, 280, 0, 1650303301, 2, 0, 1649192321),
(342, '342', 116, 127, 124, 4, 4, 427, 0, 1650303264, 2, 0, 1649192330),
(343, '343', 116, 128, 123, 3, 3, 512, 0, 1650303227, 2, 0, 1649192350),
(344, '344', 132, 87, 120, 4, 4, 345, 0, 1649457286, 2, 0, 1649192379),
(345, '345', 132, 88, 84, 4, 4, 344, 1, 1649457286, 2, 0, 1649192405),
(346, '346', 138, 88, 84, 4, 3, 600, 1, 1650572494, 1, 0, 1649192417),
(347, '347', 132, 89, 86, 4, 4, 153, 0, 1649457462, 2, 0, 1649192443),
(348, '348', 79, 138, 194, 4, 4, 314, 1, 1649742338, 3, 0, 1649192468),
(349, '349', 130, 138, 194, 4, 4, 151, 0, 1650294534, 1, 0, 1649192483),
(350, '350', 112, 205, 142, 3, 1, 496, 1, 1650016088, 2, 0, 1649192524),
(351, '351', 79, 139, 196, 3, 3, 397, 1, 1650016239, 3, 0, 1649192552),
(352, '352', 79, 140, 192, 4, 4, 403, 0, 1650016320, 3, 0, 1649192571),
(353, '353', 79, 140, 192, 4, 4, 0, 1, NULL, 3, 0, 1649192579),
(354, '354', 82, 187, 225, 3, 3, 299, 0, 1649457663, 3, 0, 1649192609),
(355, '355', 82, 187, 225, 3, 3, 300, 0, 1649457580, 3, 0, 1649192612),
(356, '356', 82, 188, 185, 4, 4, 361, 0, 1649457691, 3, 0, 1649192638),
(357, '357', 82, 188, 185, 4, 4, 44, 1, 1649457613, 3, 0, 1649192641),
(358, '358', 82, 189, 186, 4, 4, 0, 0, NULL, 3, 0, 1649192670),
(359, '359', 82, 189, 186, 4, 4, 297, 1, 1649457646, 3, 0, 1649192673),
(360, '360', 82, 190, 224, 3, 3, 309, 1, 1649457677, 3, 0, 1649192707),
(361, '361', 82, 190, 224, 3, 3, 356, 1, 1649457691, 3, 0, 1649192711),
(362, '362', 82, 191, 226, 4, 4, 366, 1, 1649457706, 3, 0, 1649192743),
(363, '363', 82, 191, 226, 4, 4, 367, 1, 1649457720, 3, 0, 1649192745),
(364, '364', 82, 227, 228, 4, 4, 0, 0, NULL, 3, 0, 1649192780),
(365, '365', 82, 227, 228, 4, 4, 0, 0, NULL, 3, 0, 1649192782),
(366, '366', 82, 229, 230, 3, 3, 362, 0, 1649457706, 3, 0, 1649192810),
(367, '367', 82, 229, 230, 3, 3, 363, 0, 1649457720, 3, 0, 1649192813),
(368, '368', 100, 163, 204, 4, 4, 370, 0, 1650298664, 3, 0, 1649192834),
(369, '369', 100, 208, 206, 4, 4, 504, 0, 1650298684, 3, 0, 1649192854),
(370, '370', 100, 208, 206, 4, 4, 368, 1, 1650298664, 3, 0, 1649192862),
(371, '371', 108, 171, 172, 3, 3, 591, 1, 1650571384, 3, 0, 1649192890),
(372, '372', 108, 171, 172, 3, 3, 572, 1, 1650571357, 3, 0, 1649192894),
(373, '373', 99, 202, 177, 3, 3, 386, 1, 1650298435, 3, 0, 1649192916),
(374, '374', 132, 153, 154, 3, 3, 0, 0, NULL, 3, 0, 1649192950),
(375, '375', 132, 153, 154, 3, 3, 0, 1, NULL, 3, 0, 1649192954),
(376, '376', 121, 122, 236, 3, 3, 442, 1, 1650016127, 2, 0, 1649192975),
(377, '377', 112, 122, 236, 3, 0, 0, 0, NULL, 1, 0, 1649192989),
(378, '378', 141, 69, 222, 3, 1, 394, 0, 1650016637, 4, 0, 1649193027),
(379, '379', 141, 69, 222, 3, 1, 393, 1, 1650016591, 4, 0, 1649193034),
(380, '380', 141, 144, 149, 3, 3, 0, 0, NULL, 3, 0, 1649193059),
(381, '381', 141, 144, 149, 3, 3, 0, 1, NULL, 3, 0, 1649193069),
(382, '382', 137, 181, 160, 3, 0, 0, 1, NULL, 2, 0, 1649193102),
(383, '383', 117, 181, 160, 3, 3, 243, 0, 1650015540, 1, 0, 1649193120),
(384, '384', 141, 235, 223, 2, 0, 0, 0, NULL, 4, 0, 1649193141),
(385, '385', 141, 235, 223, 2, 0, 0, 1, NULL, 4, 0, 1649193149),
(386, '386', 99, 200, 203, 3, 3, 373, 0, 1650298435, 3, 0, 1649193177),
(387, '387', 99, 200, 203, 3, 3, 516, 1, 1650298603, 3, 0, 1649193181),
(388, '388', 116, 221, 216, 3, 3, 0, 1, NULL, 3, 0, 1649193200),
(389, '389', 100, 207, 162, 4, 4, 263, 0, 1650298744, 3, 0, 1649193223),
(390, '390', 100, 207, 162, 4, 4, 437, 1, 1650298648, 3, 0, 1649193232),
(391, '391', 141, 59, 143, 3, 3, 145, 0, 1649457829, 3, 0, 1649193252),
(392, '392', 141, 59, 143, 3, 3, 285, 1, 1649457861, 3, 0, 1649193258),
(393, '393', 141, 39, 147, 1, 1, 379, 0, 1650016591, 4, 0, 1649193296),
(394, '394', 141, 39, 147, 1, 1, 378, 1, 1650016637, 4, 0, 1649193300),
(395, '395', 132, 71, 218, 3, 3, 460, 0, 1650299804, 3, 0, 1649193337),
(396, '396', 132, 71, 218, 3, 3, 456, 1, 1650299708, 3, 0, 1649193340),
(397, '397', 79, 48, 197, 3, 3, 351, 0, 1650016239, 3, 0, 1649193365),
(398, '398', 121, 6, 7, 4, 4, 521, 0, 1650015662, 1, 0, 1649196066),
(399, '399', 121, 6, 7, 3, 3, 542, 1, 1650015638, 1, 0, 1649196081),
(400, '400', 79, 47, 193, 3, 3, 402, 1, 1650016280, 3, 0, 1649453428),
(401, '401', 79, 47, 193, 3, 3, 402, 1, 1649742354, 3, 0, 1649453441),
(402, '402', 79, 138, 196, 3, 3, 400, 0, 1650016280, 3, 0, 1649453471),
(403, '403', 79, 138, 196, 3, 3, 352, 1, 1650016320, 3, 0, 1649453475),
(404, '404', 79, 139, 192, 3, 3, 0, 0, NULL, 3, 0, 1649453499),
(405, '405', 79, 198, 194, 4, 4, 314, 1, 1650016300, 3, 0, 1649453533),
(406, '406', 142, 198, 194, 4, 0, 0, 1, NULL, 1, 0, 1649453549),
(407, '407', 82, 187, 230, 3, 3, 0, 1, NULL, 3, 0, 1649453570),
(408, '408', 104, 187, 230, 3, 1, 231, 1, 1650571207, 1, 0, 1649453589),
(409, '409', 82, 188, 186, 4, 4, 0, 0, NULL, 3, 0, 1649453614),
(410, '410', 82, 188, 186, 4, 4, 0, 0, NULL, 3, 0, 1649453616),
(411, '411', 82, 189, 225, 3, 3, 0, 0, NULL, 3, 0, 1649453645),
(412, '412', 82, 189, 225, 3, 3, 0, 0, NULL, 3, 0, 1649453649),
(413, '413', 82, 191, 228, 3, 3, 0, 1, NULL, 3, 0, 1649453969),
(414, '414', 82, 191, 228, 3, 3, 0, 1, NULL, 3, 0, 1649454046),
(415, '415', 82, 227, 224, 4, 4, 0, 0, NULL, 3, 0, 1649454080),
(416, '416', 82, 227, 224, 4, 4, 0, 1, NULL, 3, 0, 1649454083),
(417, '417', 82, 229, 185, 4, 4, 0, 0, NULL, 3, 0, 1649454108),
(418, '418', 82, 229, 185, 4, 4, 0, 1, NULL, 3, 0, 1649454111),
(419, '419', 82, 299, 43, 3, 0, 0, 0, NULL, 4, 0, 1649454137),
(420, '420', 82, 299, 43, 3, 1, 45, 1, 1649742937, 4, 0, 1649454140),
(421, '421', 82, 300, 298, 3, 0, 0, 0, NULL, 4, 0, 1649454170),
(422, '422', 82, 300, 298, 3, 0, 0, 1, NULL, 4, 0, 1649454173),
(423, '423', 82, 306, 309, 3, 0, 0, 0, NULL, 4, 0, 1649454202),
(424, '424', 82, 306, 309, 3, 0, 0, 1, NULL, 4, 0, 1649454205),
(425, '425', 87, 157, 251, 3, 0, 0, 1, NULL, 2, 0, 1649454236),
(426, '426', 99, 273, 199, 3, 3, 428, 0, 1650298333, 3, 0, 1649454276),
(427, '427', 99, 273, 199, 3, 3, 342, 1, 1650303264, 3, 0, 1649454281),
(428, '428', 99, 272, 177, 4, 4, 426, 1, 1650298333, 3, 0, 1649454304),
(429, '429', 99, 274, 203, 4, 4, 279, 0, 1650298381, 3, 0, 1649454327),
(430, '430', 100, 163, 268, 4, 4, 262, 1, 1650298698, 3, 0, 1649454355),
(431, '431', 100, 163, 268, 4, 4, 469, 1, 1650302671, 3, 0, 1649454359),
(432, '432', 91, 295, 169, 4, 4, 505, 0, 1650571077, 3, 0, 1649454398),
(433, '433', 138, 295, 169, 4, 4, 217, 0, 1650572512, 1, 0, 1649454414),
(434, '434', 100, 207, 269, 3, 3, 266, 1, 1650298761, 3, 0, 1649454435),
(435, '435', 117, 207, 269, 3, 0, 0, 1, NULL, 1, 0, 1649454456),
(436, '436', 100, 208, 204, 4, 4, 547, 0, 1650298714, 3, 0, 1649454475),
(437, '437', 100, 208, 204, 4, 4, 390, 0, 1650298648, 3, 0, 1649454478),
(438, '438', 100, 271, 162, 4, 4, 210, 1, 1650301716, 3, 0, 1649454513),
(439, '439', 108, 246, 170, 3, 3, 498, 0, 1650571398, 3, 0, 1649454535),
(440, '440', 142, 246, 170, 3, 0, 0, 1, NULL, 1, 0, 1649454557),
(441, '441', 142, 171, 209, 3, 0, 0, 1, NULL, 1, 0, 1649454610),
(442, '442', 121, 74, 322, 4, 4, 487, 0, 1650299477, 2, 0, 1649454659),
(443, '443', 94, 133, 319, 3, 0, 0, 1, NULL, 1, 0, 1649454690),
(444, '444', 145, 135, 320, 4, 2, 571, 1, 1650572650, 1, 0, 1649454719),
(445, '445', 116, 250, 256, 4, 4, 254, 1, 1650299342, 3, 0, 1649454736),
(446, '446', 116, 250, 256, 4, 4, 254, 1, 1650572252, 3, 0, 1649454739),
(447, '447', 121, 121, 236, 4, 4, 564, 0, 1650299551, 2, 0, 1649454771),
(448, '448', 150, 121, 236, 4, 2, 182, 0, 1650015907, 1, 0, 1649454786),
(449, '449', 121, 122, 321, 4, 4, 539, 0, 1650299459, 2, 0, 1649454808),
(450, '450', 121, 122, 321, 4, 4, 565, 0, 1650299533, 2, 0, 1649454810),
(451, '451', 130, 150, 195, 4, 0, 0, 0, NULL, 2, 0, 1649454840),
(452, '452', 133, 150, 195, 4, 2, 324, 0, 1650294553, 1, 0, 1649454859),
(453, '453', 132, 71, 237, 3, 3, 457, 0, 1650299788, 3, 0, 1649454890),
(454, '454', 132, 71, 237, 3, 3, 481, 1, 1650299625, 3, 0, 1649454893),
(455, '455', 132, 72, 240, 3, 3, 396, 0, 1650016474, 3, 0, 1649454913),
(456, '456', 132, 72, 240, 3, 3, 396, 0, 1650299708, 3, 0, 1649454915),
(457, '457', 132, 155, 218, 4, 4, 453, 1, 1650299788, 3, 0, 1649454947),
(458, '458', 141, 69, 223, 3, 0, 0, 0, NULL, 4, 0, 1649454970),
(459, '459', 141, 69, 223, 3, 0, 0, 1, NULL, 4, 0, 1649454973),
(460, '460', 132, 238, 154, 3, 3, 395, 1, 1650299804, 3, 0, 1649455009),
(461, '461', 141, 145, 286, 3, 0, 0, 0, NULL, 4, 0, 1649455034),
(462, '462', 141, 145, 286, 3, 0, 0, 0, NULL, 4, 0, 1649455036),
(463, '463', 141, 235, 222, 2, 0, 0, 0, NULL, 4, 0, 1649455065),
(464, '464', 141, 235, 222, 2, 0, 0, 0, NULL, 4, 0, 1649455067),
(465, '465', 141, 287, 285, 2, 1, 264, 0, 1650302789, 4, 0, 1649455101),
(466, '466', 141, 287, 285, 2, 1, 265, 0, 1650302733, 4, 0, 1649455103),
(467, '467', 141, 288, 283, 2, 0, 0, 1, NULL, 4, 0, 1649455119),
(468, '468', 141, 288, 283, 2, 1, 653, 1, 1650575421, 4, 0, 1649455121),
(469, '469', 141, 289, 290, 2, 1, 431, 0, 1650302671, 4, 0, 1649455149),
(470, '470', 141, 289, 290, 2, 1, 501, 1, 1650575319, 4, 0, 1649455152),
(471, '471', 121, 0, 0, 4, 4, 321, 1, 1650015579, 1, 1, 1649455258),
(472, '472', 132, 238, 240, 4, 4, 0, 0, NULL, 3, 0, 1649738948),
(473, '473', 132, 238, 240, 4, 4, 259, 1, 1650299772, 3, 0, 1649738955),
(474, '474', 132, 153, 347, 3, 3, 261, 0, 1650299748, 3, 0, 1649739012),
(475, '475', 132, 153, 347, 3, 3, 485, 1, 1650299730, 3, 0, 1649739015),
(476, '476', 110, 135, 320, 4, 4, 244, 0, 1650016057, 2, 0, 1649739043),
(477, '477', 124, 333, 169, 4, 0, 0, 0, NULL, 1, 0, 1649739089),
(478, '478', 138, 333, 169, 4, 3, 482, 0, 1650572528, 1, 0, 1649739102),
(479, '479', 132, 155, 237, 3, 3, 0, 0, NULL, 3, 0, 1649739128),
(480, '480', 132, 155, 237, 3, 3, 0, 0, NULL, 3, 0, 1649739130),
(481, '481', 132, 345, 344, 4, 4, 454, 0, 1650299625, 3, 0, 1649739176),
(482, '482', 138, 345, 344, 4, 2, 478, 1, 1650572528, 1, 0, 1649739186),
(483, '483', 151, 161, 277, 3, 0, 0, 1, NULL, 2, 0, 1649739231),
(484, '484', 151, 161, 277, 3, 0, 0, 1, NULL, 2, 0, 1649739234),
(485, '485', 132, 239, 154, 4, 4, 475, 0, 1650299730, 3, 0, 1649739295),
(486, '486', 138, 239, 154, 4, 1, 433, 1, 1650015801, 1, 0, 1649739305),
(487, '487', 121, 399, 321, 4, 4, 442, 1, 1650299477, 2, 0, 1649739351),
(488, '488', 130, 399, 321, 4, 1, 195, 1, 1650015700, 1, 0, 1649739363),
(489, '489', 121, 376, 54, 4, 4, 234, 1, 1650299571, 3, 0, 1649739400),
(490, '490', 121, 376, 54, 4, 4, 234, 1, 1650016439, 3, 0, 1649739402),
(491, '491', 117, 175, 383, 3, 0, 0, 1, NULL, 2, 0, 1649739435),
(492, '492', 116, 250, 343, 4, 4, 253, 1, 1650572265, 3, 0, 1649739467),
(493, '493', 140, 250, 343, 4, 3, 260, 1, 1650572553, 1, 0, 1649739481),
(494, '494', 116, 221, 341, 4, 4, 0, 1, NULL, 3, 0, 1649739517),
(495, '495', 116, 221, 341, 4, 4, 0, 1, NULL, 3, 0, 1649739519),
(496, '496', 112, 328, 245, 4, 3, 242, 0, 1650572106, 2, 0, 1649739550),
(497, '497', 108, 249, 338, 3, 3, 257, 0, 1650571370, 3, 0, 1649739585),
(498, '498', 108, 249, 338, 3, 3, 439, 1, 1650571398, 3, 0, 1649739587),
(499, '499', 108, 246, 210, 3, 3, 0, 0, NULL, 3, 0, 1649739617),
(500, '500', 108, 246, 210, 3, 3, 543, 1, 1650571412, 3, 0, 1649739620),
(501, '501', 100, 370, 368, 3, 1, 470, 0, 1650575319, 4, 0, 1649739654),
(502, '502', 100, 370, 368, 3, 1, 610, 1, 1650574613, 4, 0, 1649739656),
(503, '503', 100, 271, 337, 3, 3, 545, 0, 1650298729, 3, 0, 1649739677),
(504, '504', 100, 271, 337, 3, 3, 369, 1, 1650298684, 3, 0, 1649739680),
(505, '505', 91, 325, 294, 3, 3, 432, 1, 1650571077, 3, 0, 1649739717),
(506, '506', 91, 295, 281, 3, 3, 505, 0, 1650298272, 3, 0, 1649739748),
(507, '507', 79, 351, 316, 4, 0, 0, 0, NULL, 4, 0, 1649739798),
(508, '508', 79, 351, 316, 4, 0, 0, 0, NULL, 4, 0, 1649739799),
(509, '509', 79, 348, 397, 3, 1, 173, 1, 1650302007, 4, 0, 1649739833),
(510, '510', 79, 348, 397, 3, 1, 172, 1, 1650302057, 4, 0, 1649739836),
(511, '511', 99, 329, 199, 3, 3, 517, 0, 1650298416, 3, 0, 1649739877),
(512, '512', 99, 329, 199, 3, 3, 343, 1, 1650303227, 3, 0, 1649739879),
(513, '513', 99, 274, 178, 3, 3, 548, 0, 1650298353, 3, 0, 1649739912),
(514, '514', 99, 274, 178, 3, 3, 515, 1, 1650298400, 3, 0, 1649739914),
(515, '515', 99, 273, 276, 3, 3, 514, 0, 1650298400, 3, 0, 1649739930),
(516, '516', 99, 273, 276, 3, 3, 387, 0, 1650298603, 3, 0, 1649739932),
(517, '517', 99, 272, 326, 3, 3, 511, 1, 1650298416, 3, 0, 1649739963),
(518, '518', 99, 272, 326, 3, 3, 278, 1, 1650298617, 3, 0, 1649739965),
(519, '519', 91, 29, 108, 4, 4, 0, 0, NULL, 2, 1, 1649740009),
(520, '520', 96, 29, 108, 4, 3, 327, 1, 1650571159, 1, 0, 1649740030),
(521, '521', 121, 157, 251, 3, 3, 398, 1, 1650015662, 1, 0, 1649740111),
(522, '522', 121, 157, 251, 3, 3, 322, 1, 1650015610, 1, 0, 1649740120),
(523, '523', 82, 363, 367, 3, 0, 0, 1, NULL, 4, 1, 1649740158),
(524, '524', 82, 363, 367, 3, 0, 0, 1, NULL, 4, 0, 1649740171),
(525, '525', 82, 362, 366, 3, 0, 0, 1, NULL, 4, 0, 1649740189),
(526, '526', 82, 362, 366, 3, 0, 0, 1, NULL, 4, 0, 1649740193),
(527, '527', 82, 359, 297, 3, 0, 0, 0, NULL, 4, 0, 1649740228),
(528, '528', 82, 359, 297, 3, 0, 0, 0, NULL, 4, 0, 1649740230),
(529, '529', 82, 357, 44, 3, 0, 0, 1, NULL, 4, 0, 1649740263),
(530, '530', 82, 357, 44, 3, 0, 0, 1, NULL, 4, 0, 1649740266),
(531, '531', 82, 300, 355, 3, 0, 0, 0, NULL, 4, 0, 1649740297),
(532, '532', 82, 300, 355, 3, 0, 0, 0, NULL, 4, 0, 1649740299),
(533, '533', 82, 299, 354, 3, 0, 0, 0, NULL, 4, 0, 1649740327),
(534, '534', 82, 299, 354, 3, 0, 0, 1, NULL, 4, 0, 1649740329),
(535, '535', 79, 198, 196, 4, 4, 0, 1, NULL, 3, 0, 1649740375),
(536, '536', 148, 198, 196, 4, 0, 0, 0, NULL, 1, 0, 1649740395),
(537, '537', 121, 122, 322, 4, 4, 541, 0, 1650016175, 2, 0, 1649740437),
(538, '538', 149, 122, 322, 4, 2, 165, 0, 1650572698, 1, 0, 1649740452),
(539, '539', 121, 121, 398, 4, 4, 449, 1, 1650299459, 2, 0, 1649740476),
(540, '540', 121, 74, 236, 4, 4, 0, 0, NULL, 2, 0, 1649740504),
(541, '541', 121, 74, 236, 4, 4, 54, 1, 1650299499, 2, 0, 1649740506),
(542, '542', 121, 132, 319, 4, 4, 399, 0, 1650015638, 1, 0, 1649740563),
(543, '543', 108, 171, 209, 3, 3, 500, 0, 1650571412, 3, 0, 1649740590),
(544, '544', 100, 208, 162, 4, 4, 213, 1, 1650301642, 3, 0, 1649740610),
(545, '545', 100, 208, 162, 4, 4, 503, 1, 1650298729, 3, 0, 1649740616),
(546, '546', 100, 163, 164, 4, 4, 248, 1, 1650301591, 3, 0, 1649740660),
(547, '547', 100, 163, 164, 4, 4, 436, 1, 1650298714, 3, 0, 1649740662),
(548, '548', 99, 202, 203, 3, 3, 513, 1, 1650298353, 3, 0, 1649740793),
(549, '549', 88, 202, 203, 3, 0, 0, 1, NULL, 1, 0, 1649740808),
(550, '550', 79, 139, 194, 4, 4, 316, 1, 1650016258, 3, 0, 1649740835),
(551, '551', 93, 161, 282, 4, 2, 40, 0, 1650572757, 1, 0, 1650013858),
(552, '552', 138, 346, 433, 4, 0, 0, 0, NULL, 2, 0, 1650013905),
(553, '553', 131, 332, 160, 4, 0, 0, 0, NULL, 1, 0, 1650013939),
(554, '554', 133, 324, 296, 3, 0, 0, 0, NULL, 2, 0, 1650013967),
(555, '555', 132, 454, 455, 3, 1, 33, 1, 1650575027, 4, 0, 1650013999),
(556, '556', 132, 454, 455, 3, 2, 34, 1, 1650574995, 4, 0, 1650014001),
(557, '557', 132, 396, 456, 3, 1, 29, 0, 1650300607, 4, 0, 1650014030),
(558, '558', 132, 396, 456, 3, 2, 232, 1, 1650574913, 4, 0, 1650014032),
(559, '559', 110, 133, 320, 3, 3, 215, 0, 1650298970, 2, 0, 1650014057),
(560, '560', 112, 133, 320, 3, 0, 0, 0, NULL, 1, 0, 1650014070),
(561, '561', 100, 390, 437, 3, 1, 621, 0, 1650575351, 4, 0, 1650014099),
(562, '562', 100, 390, 437, 3, 1, 620, 1, 1650575287, 4, 0, 1650014101),
(563, '563', 88, 471, 321, 3, 0, 0, 1, NULL, 1, 0, 1650014155),
(564, '564', 121, 399, 322, 4, 4, 447, 1, 1650299551, 2, 0, 1650014188),
(565, '565', 121, 399, 322, 4, 4, 450, 1, 1650299533, 2, 0, 1650014190),
(566, '566', 121, 376, 156, 4, 4, 0, 0, NULL, 3, 0, 1650014219),
(567, '567', 121, 376, 156, 4, 4, 0, 1, NULL, 3, 0, 1650014221),
(568, '568', 112, 243, 383, 3, 2, 142, 1, 1650572090, 1, 0, 1650014248),
(569, '569', 116, 250, 220, 4, 4, 255, 0, 1650299381, 3, 0, 1650014269),
(570, '570', 112, 328, 142, 3, 0, 0, 1, NULL, 2, 0, 1650014295),
(571, '571', 145, 328, 142, 3, 2, 444, 0, 1650572650, 1, 0, 1650014311),
(572, '572', 108, 249, 210, 3, 3, 372, 0, 1650571357, 3, 0, 1650014338),
(573, '573', 108, 249, 210, 3, 3, 371, 0, 1650298914, 3, 0, 1650014340),
(574, '574', 91, 333, 281, 4, 4, 576, 0, 1650571123, 3, 0, 1650014369),
(575, '575', 91, 333, 281, 4, 4, 599, 1, 1650571093, 3, 0, 1650014371),
(576, '576', 91, 325, 169, 3, 3, 574, 1, 1650571123, 3, 0, 1650014397),
(577, '577', 91, 325, 169, 3, 3, 578, 1, 1650571063, 3, 0, 1650014398),
(578, '578', 91, 295, 137, 3, 3, 577, 0, 1650571063, 3, 0, 1650014421),
(579, '579', 82, 420, 45, 3, 0, 0, 0, NULL, 4, 1, 1650014450),
(580, '580', 82, 420, 45, 3, 0, 0, 1, NULL, 4, 0, 1650014460),
(581, '581', 79, 405, 397, 3, 0, 0, 0, NULL, 4, 0, 1650014487),
(582, '582', 79, 405, 397, 3, 0, 0, 1, NULL, 4, 0, 1650014489),
(583, '583', 79, 403, 316, 4, 0, 0, 0, NULL, 4, 0, 1650014514),
(584, '584', 79, 403, 316, 4, 1, 170, 1, 1650302110, 4, 0, 1650014516),
(585, '585', 79, 401, 402, 3, 0, 0, 0, NULL, 4, 0, 1650014548),
(586, '586', 111, 401, 402, 3, 0, 0, 1, NULL, 1, 0, 1650014567),
(587, '587', 79, 351, 352, 4, 0, 0, 0, NULL, 4, 0, 1650014597),
(588, '588', 79, 351, 352, 4, 0, 0, 1, NULL, 4, 0, 1650014599),
(589, '589', 79, 348, 314, 3, 1, 209, 1, 1650301954, 4, 0, 1650014622),
(590, '590', 133, 348, 314, 3, 0, 0, 0, NULL, 1, 0, 1650014636),
(591, '591', 108, 246, 209, 3, 3, 371, 0, 1650571384, 3, 0, 1650014680),
(592, '592', 145, 246, 209, 3, 2, 597, 1, 1650572668, 1, 0, 1650014696),
(593, '593', 110, 135, 319, 3, 3, 244, 0, 1650571769, 2, 0, 1650014728),
(594, '594', 116, 221, 342, 4, 4, 255, 0, 1650572277, 3, 0, 1650014773),
(595, '595', 116, 221, 342, 4, 4, 0, 1, NULL, 3, 0, 1650014775),
(596, '596', 99, 428, 278, 3, 1, 644, 1, 1650574812, 4, 0, 1650014797),
(597, '597', 145, 428, 278, 3, 2, 592, 0, 1650572668, 1, 0, 1650014809),
(598, '598', 145, 0, 0, 3, 0, 0, 1, NULL, 1, 0, 1650273660),
(599, '599', 91, 295, 294, 4, 4, 575, 0, 1650571093, 3, 0, 1650292056),
(600, '600', 138, 295, 294, 4, 1, 346, 0, 1650572494, 1, 0, 1650292068),
(601, '601', 79, 351, 397, 3, 0, 0, 1, NULL, 4, 0, 1650292089),
(602, '602', 142, 351, 397, 3, 0, 0, 1, NULL, 1, 0, 1650292105),
(603, '603', 140, 493, 219, 4, 0, 0, 1, NULL, 2, 0, 1650292130),
(604, '604', 130, 488, 195, 4, 0, 0, 1, NULL, 2, 0, 1650292192),
(605, '605', 121, 541, 537, 4, 4, 633, 0, 1650572370, 3, 0, 1650292213),
(606, '606', 121, 541, 537, 4, 4, 607, 0, 1650572356, 3, 0, 1650292215),
(607, '607', 121, 539, 54, 4, 4, 606, 1, 1650572356, 3, 0, 1650292236),
(608, '608', 121, 522, 322, 4, 4, 0, 0, NULL, 2, 0, 1650292254),
(609, '609', 87, 522, 322, 4, 0, 0, 1, NULL, 1, 0, 1650292271),
(610, '610', 121, 490, 234, 3, 2, 694, 0, 1650839313, 4, 0, 1650292293),
(611, '611', 121, 490, 234, 3, 2, 693, 1, 1650839329, 4, 0, 1650292300),
(612, '612', 137, 243, 383, 3, 1, 332, 0, 1650572464, 1, 0, 1650292332),
(613, '613', 110, 244, 476, 3, 3, 184, 0, 1650572007, 3, 0, 1650292358),
(614, '614', 110, 244, 476, 3, 3, 32, 0, 1650571965, 3, 0, 1650292360),
(615, '615', 109, 520, 152, 3, 0, 0, 0, NULL, 1, 0, 1650292390),
(616, '616', 79, 400, 402, 3, 0, 0, 0, NULL, 4, 0, 1650292415),
(617, '617', 79, 400, 402, 3, 0, 0, 1, NULL, 4, 0, 1650292418),
(618, '618', 138, 486, 433, 4, 0, 0, 0, NULL, 2, 0, 1650292443),
(619, '619', 138, 486, 433, 4, 0, 0, 1, NULL, 2, 0, 1650292445),
(620, '620', 141, 379, 393, 2, 1, 562, 0, 1650575287, 4, 0, 1650292471),
(621, '621', 141, 379, 393, 2, 1, 561, 1, 1650575351, 4, 0, 1650292473),
(622, '622', 132, 475, 485, 4, 0, 0, 0, NULL, 4, 0, 1650292501),
(623, '623', 132, 475, 485, 4, 0, 0, 0, NULL, 4, 0, 1650292502),
(624, '624', 132, 396, 455, 3, 0, 0, 0, NULL, 4, 0, 1650292527),
(625, '625', 132, 396, 455, 3, 0, 0, 0, NULL, 4, 0, 1650292528),
(626, '626', 121, 521, 398, 3, 3, 0, 1, NULL, 2, 0, 1650292552),
(627, '627', 121, 521, 398, 3, 3, 0, 1, NULL, 2, 0, 1650292553),
(628, '628', 149, 165, 538, 4, 0, 0, 0, NULL, 2, 0, 1650292574),
(629, '629', 132, 454, 456, 3, 1, 650, 0, 1650574743, 4, 0, 1650292619),
(630, '630', 132, 454, 456, 3, 1, 651, 0, 1650574705, 4, 0, 1650292620),
(631, '631', 132, 261, 474, 4, 1, 29, 0, 1650574500, 4, 1, 1650292648),
(632, '632', 132, 261, 474, 4, 1, 183, 1, 1650574959, 4, 0, 1650292660),
(633, '633', 121, 487, 156, 3, 3, 605, 1, 1650572370, 3, 0, 1650292688),
(634, '634', 121, 471, 321, 3, 3, 0, 0, NULL, 2, 1, 1650292729),
(635, '635', 91, 325, 168, 3, 3, 648, 1, 1650571108, 3, 0, 1650292764),
(636, '636', 110, 133, 319, 3, 3, 215, 0, 1650571749, 2, 0, 1650292789),
(637, '637', 121, 376, 442, 4, 4, 234, 1, 1650572340, 3, 0, 1650292834),
(638, '638', 141, 289, 290, 2, 0, 0, 0, NULL, 4, 0, 1650292873),
(639, '639', 141, 289, 290, 2, 0, 0, 0, NULL, 4, 0, 1650292875),
(640, '640', 141, 394, 378, 2, 0, 0, 0, NULL, 4, 0, 1650292905),
(641, '641', 141, 394, 378, 2, 1, 654, 1, 1650575381, 4, 0, 1650292907),
(642, '642', 79, 403, 352, 4, 0, 0, 0, NULL, 4, 0, 1650292955),
(643, '643', 79, 403, 352, 4, 0, 0, 0, NULL, 4, 0, 1650292956),
(644, '644', 79, 405, 314, 3, 1, 596, 0, 1650574812, 4, 0, 1650292991),
(645, '645', 79, 405, 314, 3, 1, 649, 0, 1650574788, 4, 0, 1650292992),
(646, '646', 122, 550, 316, 4, 0, 0, 1, NULL, 1, 0, 1650293030),
(647, '647', 91, 333, 169, 4, 4, 0, 0, NULL, 3, 0, 1650293080),
(648, '648', 91, 333, 169, 4, 4, 635, 0, 1650571108, 3, 0, 1650293082),
(649, '649', 99, 428, 426, 3, 1, 645, 1, 1650574788, 4, 0, 1650293125),
(650, '650', 99, 428, 426, 3, 1, 629, 1, 1650574743, 4, 0, 1650293141),
(651, '651', 99, 548, 513, 4, 1, 630, 1, 1650574705, 4, 1, 1650293209),
(652, '652', 88, 548, 513, 4, 0, 0, 1, NULL, 1, 0, 1650293226),
(653, '653', 100, 390, 436, 3, 1, 468, 0, 1650575421, 4, 0, 1650293272),
(654, '654', 100, 390, 436, 3, 1, 641, 0, 1650575381, 4, 0, 1650293277),
(655, '655', 112, 350, 496, 4, 0, 0, 0, NULL, 3, 0, 1650293313),
(656, '656', 122, 151, 349, 3, 0, 0, 0, NULL, 1, 0, 1650558472),
(657, '657', 137, 568, 142, 4, 0, 0, 0, NULL, 1, 0, 1650558565),
(658, '658', 85, 242, 496, 4, 0, 0, 1, NULL, 1, 0, 1650558591),
(659, '659', 93, 40, 551, 3, 0, 0, 0, NULL, 2, 0, 1650558630),
(660, '660', 133, 324, 452, 3, 0, 0, 0, NULL, 2, 0, 1650558659),
(661, '661', 133, 324, 452, 3, 0, 0, 0, NULL, 2, 0, 1650558661),
(662, '662', 116, 492, 594, 3, 1, 27, 0, 1650839187, 4, 0, 1650558758),
(663, '663', 116, 492, 594, 3, 1, 666, 1, 1650839210, 4, 0, 1650558762),
(664, '664', 116, 446, 253, 3, 0, 0, 1, NULL, 4, 0, 1650558796),
(665, '665', 95, 446, 253, 3, 0, 0, 1, NULL, 1, 0, 1650558826),
(666, '666', 116, 445, 254, 3, 1, 663, 0, 1650839210, 4, 0, 1650558971),
(667, '667', 116, 445, 254, 3, 0, 0, 1, NULL, 4, 0, 1650558974),
(668, '668', 116, 255, 569, 3, 0, 0, 0, NULL, 4, 0, 1650559002),
(669, '669', 116, 255, 569, 3, 0, 0, 1, NULL, 4, 0, 1650559005),
(670, '670', 112, 244, 593, 3, 0, 0, 0, NULL, 1, 0, 1650559048),
(671, '671', 110, 244, 593, 3, 3, 0, 1, NULL, 3, 0, 1650559050),
(672, '672', 110, 215, 559, 3, 3, 0, 1, NULL, 3, 0, 1650559077),
(673, '673', 108, 500, 543, 3, 0, 0, 1, NULL, 4, 0, 1650559103),
(674, '674', 108, 500, 543, 3, 0, 0, 1, NULL, 4, 0, 1650559106),
(675, '675', 108, 498, 439, 3, 0, 0, 0, NULL, 4, 0, 1650559132),
(676, '676', 108, 498, 439, 3, 0, 0, 1, NULL, 4, 0, 1650559134),
(677, '677', 108, 372, 497, 3, 0, 0, 0, NULL, 4, 0, 1650559159),
(678, '678', 108, 371, 573, 3, 0, 0, 1, NULL, 4, 0, 1650559183),
(679, '679', 108, 257, 572, 3, 0, 0, 0, NULL, 4, 0, 1650559208),
(680, '680', 108, 257, 572, 3, 0, 0, 1, NULL, 4, 0, 1650559211),
(681, '681', 100, 547, 436, 3, 0, 0, 0, NULL, 4, 0, 1650559237),
(682, '682', 100, 547, 436, 3, 0, 0, 1, NULL, 4, 0, 1650559240),
(683, '683', 100, 545, 503, 3, 0, 0, 0, NULL, 4, 0, 1650559262),
(684, '684', 100, 545, 503, 3, 0, 0, 1, NULL, 4, 0, 1650559265),
(685, '685', 100, 504, 369, 3, 0, 0, 0, NULL, 4, 0, 1650559300),
(686, '686', 100, 504, 369, 3, 0, 0, 1, NULL, 4, 0, 1650559302),
(687, '687', 100, 434, 266, 3, 0, 0, 0, NULL, 4, 0, 1650559338),
(688, '688', 100, 434, 266, 3, 0, 0, 1, NULL, 4, 0, 1650559341),
(689, '689', 100, 390, 437, 3, 0, 0, 1, NULL, 4, 0, 1650559370),
(690, '690', 100, 390, 437, 3, 0, 0, 1, NULL, 4, 0, 1650559372),
(691, '691', 121, 487, 442, 3, 3, 0, 0, NULL, 3, 0, 1650559931),
(692, '692', 129, 487, 442, 3, 0, 0, 1, NULL, 1, 0, 1650559950),
(693, '693', 121, 489, 234, 3, 1, 611, 0, 1650839329, 4, 0, 1650559980),
(694, '694', 121, 489, 234, 3, 1, 610, 1, 1650839313, 4, 0, 1650559983),
(695, '695', 121, 564, 447, 3, 3, 0, 0, NULL, 3, 0, 1650559997),
(696, '696', 129, 564, 447, 3, 0, 0, 0, NULL, 1, 0, 1650560018),
(697, '697', 121, 541, 54, 4, 4, 0, 0, NULL, 3, 0, 1650560033),
(698, '698', 121, 541, 54, 4, 4, 0, 0, NULL, 3, 0, 1650560035),
(699, '699', 121, 565, 450, 3, 3, 0, 0, NULL, 3, 0, 1650560070),
(700, '700', 121, 565, 450, 3, 3, 0, 0, NULL, 3, 0, 1650560072),
(701, '701', 138, 539, 449, 4, 0, 0, 1, NULL, 1, 0, 1650560095),
(702, '702', 145, 539, 449, 4, 0, 0, 1, NULL, 1, 0, 1650560112),
(703, '703', 132, 457, 453, 3, 0, 0, 0, NULL, 4, 0, 1650560136),
(704, '704', 132, 457, 453, 3, 0, 0, 1, NULL, 4, 0, 1650560140),
(705, '705', 132, 261, 474, 4, 0, 0, 0, NULL, 4, 0, 1650560166),
(706, '706', 132, 261, 474, 4, 0, 0, 1, NULL, 4, 0, 1650560169),
(707, '707', 99, 548, 513, 4, 0, 0, 0, NULL, 4, 0, 1650560192),
(708, '708', 99, 548, 513, 4, 0, 0, 1, NULL, 4, 0, 1650560211),
(709, '709', 99, 518, 278, 3, 0, 0, 1, NULL, 4, 0, 1650560234),
(710, '710', 99, 518, 278, 3, 0, 0, 1, NULL, 4, 0, 1650560235),
(711, '711', 99, 517, 511, 3, 0, 0, 0, NULL, 4, 0, 1650560248),
(712, '712', 99, 517, 511, 3, 0, 0, 0, NULL, 4, 0, 1650560249),
(713, '713', 99, 514, 515, 3, 0, 0, 0, NULL, 4, 0, 1650560281),
(714, '714', 99, 514, 515, 3, 0, 0, 1, NULL, 4, 0, 1650560284),
(715, '715', 99, 428, 426, 3, 0, 0, 0, NULL, 4, 0, 1650560308),
(716, '716', 99, 428, 426, 3, 0, 0, 0, NULL, 4, 0, 1650560310),
(717, '717', 99, 387, 516, 3, 0, 0, 0, NULL, 4, 0, 1650560335),
(718, '718', 99, 387, 516, 3, 0, 0, 1, NULL, 4, 0, 1650560337),
(719, '719', 99, 373, 386, 3, 0, 0, 1, NULL, 4, 0, 1650560355),
(720, '720', 99, 373, 386, 3, 0, 0, 1, NULL, 4, 0, 1650560365),
(721, '721', 99, 279, 429, 3, 0, 0, 0, NULL, 4, 0, 1650560391),
(722, '722', 99, 279, 429, 3, 0, 0, 1, NULL, 4, 0, 1650560394),
(723, '723', 91, 577, 574, 3, 1, 725, 1, 1650838921, 4, 0, 1650560424),
(724, '724', 94, 577, 574, 3, 0, 0, 0, NULL, 1, 0, 1650560440),
(725, '725', 91, 576, 578, 3, 1, 723, 0, 1650838921, 4, 0, 1650560463),
(726, '726', 91, 575, 432, 3, 1, 729, 0, 1650838956, 4, 0, 1650560490),
(727, '727', 95, 575, 432, 3, 0, 0, 0, NULL, 1, 0, 1650560501),
(728, '728', 91, 505, 506, 3, 0, 0, 0, NULL, 4, 0, 1650560523),
(729, '729', 91, 505, 506, 3, 1, 726, 1, 1650838956, 4, 0, 1650560526),
(730, '730', 91, 333, 168, 4, 4, 0, 0, NULL, 3, 0, 1650560561),
(731, '731', 116, 250, 220, 4, 4, 0, 1, NULL, 3, 0, 1650560584),
(732, '732', 108, 249, 338, 3, 3, 0, 0, NULL, 3, 0, 1650560597),
(733, '733', 103, 249, 338, 3, 0, 0, 0, NULL, 1, 0, 1650560616),
(734, '734', 132, 396, 456, 3, 0, 0, 0, NULL, 4, 0, 1650560643),
(735, '735', 132, 396, 456, 3, 0, 0, 0, NULL, 4, 0, 1650560644),
(736, '736', 132, 454, 481, 4, 0, 0, 0, NULL, 4, 0, 1650560673),
(737, '737', 132, 454, 481, 4, 0, 0, 1, NULL, 4, 0, 1650560675),
(738, '738', 100, 430, 262, 3, 0, 0, 1, NULL, 4, 0, 1650560743),
(739, '739', 133, 430, 262, 3, 0, 0, 1, NULL, 1, 0, 1650560859),
(740, '740', 100, 544, 213, 4, 4, 0, 0, NULL, 3, 0, 1650560885),
(741, '741', 100, 544, 213, 4, 4, 0, 0, NULL, 3, 0, 1650560887),
(742, '742', 100, 546, 248, 3, 3, 0, 1, NULL, 3, 0, 1650560920),
(743, '743', 100, 546, 248, 3, 3, 0, 1, NULL, 3, 0, 1650560922),
(744, '744', 100, 370, 368, 3, 0, 0, 0, NULL, 4, 0, 1650560970),
(745, '745', 100, 370, 368, 3, 0, 0, 1, NULL, 4, 0, 1650560973),
(746, '746', 132, 475, 485, 4, 0, 0, 0, NULL, 4, 0, 1650561027),
(747, '747', 132, 475, 485, 4, 0, 0, 1, NULL, 4, 0, 1650561029),
(748, '748', 132, 473, 259, 3, 0, 0, 1, NULL, 4, 0, 1650561071),
(749, '749', 132, 473, 259, 3, 0, 0, 1, NULL, 4, 0, 1650561072),
(750, '750', 132, 460, 395, 3, 0, 0, 0, NULL, 4, 0, 1650561099),
(751, '751', 109, 460, 395, 3, 0, 0, 1, NULL, 1, 0, 1650561115),
(752, '752', 100, 263, 389, 3, 0, 0, 0, NULL, 4, 0, 1650561148),
(753, '753', 100, 263, 389, 3, 0, 0, 1, NULL, 4, 0, 1650561151),
(754, '754', 81, 509, 173, 4, 0, 0, 1, NULL, 1, 0, 1650561319),
(755, '755', 138, 510, 172, 4, 0, 0, 1, NULL, 1, 0, 1650561356),
(756, '756', 146, 431, 469, 4, 0, 0, 1, NULL, 1, 0, 1650562069),
(757, '757', 118, 280, 341, 3, 0, 0, 0, NULL, 1, 0, 1650562730),
(758, '758', 149, 165, 538, 4, 0, 0, 0, NULL, 2, 0, 1650833314),
(759, '759', 110, 215, 636, 3, 3, 0, 0, NULL, 3, 0, 1650833371),
(760, '760', 110, 215, 636, 3, 3, 0, 1, NULL, 3, 0, 1650833374),
(761, '761', 110, 184, 613, 4, 0, 0, 0, NULL, 4, 0, 1650833416),
(762, '762', 110, 184, 613, 4, 0, 0, 1, NULL, 4, 0, 1650833419),
(763, '763', 110, 32, 614, 4, 0, 0, 0, NULL, 4, 0, 1650833455),
(764, '764', 110, 32, 614, 4, 0, 0, 1, NULL, 4, 0, 1650833457),
(765, '765', 145, 444, 571, 3, 0, 0, 1, NULL, 2, 0, 1650833492),
(766, '766', 143, 36, 37, 2, 0, 0, 0, NULL, 2, 0, 1650833526),
(767, '767', 95, 493, 260, 3, 0, 0, 0, NULL, 1, 0, 1650833561),
(768, '768', 138, 482, 478, 4, 0, 0, 0, NULL, 2, 0, 1650833584);
INSERT INTO `wp_acym_mount` (`id`, `name`, `color_id`, `mother_id`, `father_id`, `max_reproductions`, `reproductions_counter`, `last_partner_id`, `gender`, `last_mating`, `purity_level`, `reproductive`, `creation_date`) VALUES
(769, '769', 93, 346, 600, 4, 0, 0, 0, NULL, 1, 0, 1650833612),
(770, '770', 121, 633, 605, 3, 0, 0, 1, NULL, 4, 0, 1650833661),
(771, '771', 121, 633, 605, 3, 0, 0, 1, NULL, 4, 0, 1650833662),
(772, '772', 121, 607, 606, 3, 0, 0, 0, NULL, 4, 0, 1650833693),
(773, '773', 121, 607, 606, 3, 0, 0, 1, NULL, 4, 0, 1650833695),
(774, '774', 116, 492, 253, 3, 0, 0, 0, NULL, 4, 0, 1650833722),
(775, '775', 116, 446, 254, 3, 0, 0, 0, NULL, 4, 0, 1650833750),
(776, '776', 116, 446, 254, 3, 0, 0, 1, NULL, 4, 0, 1650833753),
(777, '777', 116, 255, 594, 3, 0, 0, 0, NULL, 4, 0, 1650833782),
(778, '778', 116, 255, 594, 3, 0, 0, 1, NULL, 4, 0, 1650833784),
(779, '779', 96, 520, 327, 4, 0, 0, 1, NULL, 2, 0, 1650834022),
(780, '780', 121, 637, 234, 3, 0, 0, 0, NULL, 4, 0, 1650834124),
(781, '781', 121, 637, 234, 3, 0, 0, 0, NULL, 4, 0, 1650834125),
(782, '782', 108, 500, 543, 3, 0, 0, 1, NULL, 4, 0, 1650834235),
(783, '783', 134, 500, 543, 3, 0, 0, 0, NULL, 1, 0, 1650834252),
(784, '784', 108, 498, 439, 3, 0, 0, 0, NULL, 4, 0, 1650834307),
(785, '785', 108, 498, 439, 3, 0, 0, 0, NULL, 4, 0, 1650834308),
(786, '786', 108, 372, 572, 3, 0, 0, 0, NULL, 4, 0, 1650834415),
(787, '787', 108, 372, 572, 3, 0, 0, 1, NULL, 4, 0, 1650834417),
(788, '788', 108, 371, 591, 3, 0, 0, 0, NULL, 4, 0, 1650834446),
(789, '789', 108, 371, 591, 3, 0, 0, 1, NULL, 4, 0, 1650834448),
(790, '790', 108, 257, 497, 3, 0, 0, 0, NULL, 4, 0, 1650834473),
(791, '791', 146, 30, 283, 4, 0, 0, 1, NULL, 1, 0, 1650834533),
(792, '792', 110, 244, 593, 3, 3, 0, 0, NULL, 3, 0, 1650834649),
(793, '793', 110, 244, 593, 3, 3, 0, 1, NULL, 3, 0, 1650834651),
(794, '794', 91, 505, 432, 3, 0, 0, 0, NULL, 4, 0, 1650834680),
(795, '795', 91, 505, 432, 3, 0, 0, 1, NULL, 4, 0, 1650834682),
(796, '796', 91, 575, 599, 3, 0, 0, 0, NULL, 4, 0, 1650834707),
(797, '797', 118, 575, 599, 3, 0, 0, 1, NULL, 1, 0, 1650834722),
(798, '798', 91, 576, 574, 3, 0, 0, 0, NULL, 4, 0, 1650834750),
(799, '799', 91, 576, 574, 3, 0, 0, 1, NULL, 4, 0, 1650834753),
(800, '800', 91, 577, 578, 3, 0, 0, 0, NULL, 4, 0, 1650834784),
(801, '801', 91, 635, 648, 3, 0, 0, 0, NULL, 4, 0, 1650834815),
(802, '802', 91, 635, 648, 3, 0, 0, 0, NULL, 4, 0, 1650834816);

-- --------------------------------------------------------

--
-- Table structure for table `wp_acym_species`
--

CREATE TABLE `wp_acym_species` (
  `id` int(11) NOT NULL,
  `name` varchar(255) DEFAULT NULL
) ENGINE=InnoDB DEFAULT CHARSET=utf8;

--
-- Dumping data for table `wp_acym_species`
--

INSERT INTO `wp_acym_species` (`id`, `name`) VALUES
(1, 'Dragodinde'),
(2, 'Muldo'),
(3, 'Volkorne');

--
-- Indexes for dumped tables
--

--
-- Indexes for table `wp_acym_color`
--
ALTER TABLE `wp_acym_color`
  ADD PRIMARY KEY (`id`);

--
-- Indexes for table `wp_acym_configuration`
--
ALTER TABLE `wp_acym_configuration`
  ADD PRIMARY KEY (`name`);

--
-- Indexes for table `wp_acym_mount`
--
ALTER TABLE `wp_acym_mount`
  ADD PRIMARY KEY (`id`);

--
-- Indexes for table `wp_acym_species`
--
ALTER TABLE `wp_acym_species`
  ADD PRIMARY KEY (`id`);

--
-- AUTO_INCREMENT for dumped tables
--

--
-- AUTO_INCREMENT for table `wp_acym_color`
--
ALTER TABLE `wp_acym_color`
  MODIFY `id` int(11) NOT NULL AUTO_INCREMENT, AUTO_INCREMENT=152;

--
-- AUTO_INCREMENT for table `wp_acym_mount`
--
ALTER TABLE `wp_acym_mount`
  MODIFY `id` int(11) NOT NULL AUTO_INCREMENT, AUTO_INCREMENT=803;

--
-- AUTO_INCREMENT for table `wp_acym_species`
--
ALTER TABLE `wp_acym_species`
  MODIFY `id` int(11) NOT NULL AUTO_INCREMENT, AUTO_INCREMENT=4;
COMMIT;

/*!40101 SET CHARACTER_SET_CLIENT=@OLD_CHARACTER_SET_CLIENT */;
/*!40101 SET CHARACTER_SET_RESULTS=@OLD_CHARACTER_SET_RESULTS */;
/*!40101 SET COLLATION_CONNECTION=@OLD_COLLATION_CONNECTION */;
